scenario,index,input_to_msg_ms,msg_to_present_ms,present_block_ms,present_to_display_ms,total_ms,has_display,points_in_frame,present_count
empty-slow,0,0.810,15.201,1.119,0.000,16.320,0,2,0
empty-slow,1,0.035,2.320,0.183,0.000,2.503,0,1,0
empty-slow,2,0.045,0.825,0.254,0.000,1.079,0,1,0
empty-slow,3,0.013,0.378,0.727,0.000,1.105,0,1,0
empty-slow,4,0.025,0.817,1.835,0.000,2.652,0,2,0
empty-slow,5,0.033,0.767,4.538,0.000,5.305,0,1,0
empty-slow,6,0.031,4.057,10.569,0.000,14.626,0,1,0
empty-slow,7,0.052,4.399,11.429,0.000,15.829,0,1,0
empty-slow,8,0.122,3.274,13.356,0.000,16.630,0,1,0
empty-slow,9,0.043,1.697,14.788,0.000,16.485,0,1,0
empty-slow,10,0.060,1.818,14.631,0.000,16.449,0,1,0
empty-slow,11,0.044,1.832,14.758,0.000,16.590,0,1,0
empty-slow,12,0.049,2.198,14.533,0.000,16.732,0,1,0
empty-slow,13,0.159,1.609,14.344,0.000,15.953,0,1,0
empty-slow,14,0.053,2.015,15.162,0.000,17.177,0,1,0
empty-slow,15,0.019,5.203,11.594,0.000,16.796,0,1,0
empty-slow,16,0.060,2.184,14.302,0.000,16.485,0,1,0
empty-slow,17,0.039,1.724,14.654,0.000,16.379,0,1,0
empty-slow,18,0.049,2.462,14.835,0.000,17.297,0,1,0
empty-slow,19,0.074,1.968,13.793,0.000,15.760,0,1,0
empty-slow,20,0.239,1.784,14.700,0.000,16.485,0,1,0
empty-slow,21,0.141,1.357,14.482,0.000,15.839,0,1,0
empty-slow,22,0.029,5.616,11.335,0.000,16.951,0,1,0
empty-slow,23,0.183,1.631,14.637,0.000,16.269,0,2,0
empty-slow,24,0.052,1.713,14.503,0.000,16.215,0,1,0
empty-slow,25,0.022,5.727,11.014,0.000,16.741,0,1,0
empty-slow,26,0.035,4.783,11.703,0.000,16.486,0,1,0
empty-slow,27,0.029,5.132,11.774,0.000,16.905,0,1,0
empty-slow,28,0.054,1.855,15.101,0.000,16.956,0,1,0
empty-slow,29,0.045,1.774,14.648,0.000,16.422,0,1,0
empty-slow,30,0.062,2.118,14.546,0.000,16.663,0,1,0
empty-slow,31,0.059,2.049,13.973,0.000,16.022,0,1,0
empty-slow,32,0.036,5.075,11.758,0.000,16.833,0,1,0
empty-slow,33,0.040,5.264,11.600,0.000,16.864,0,1,0
empty-slow,34,0.190,1.154,11.708,0.000,12.862,0,1,0
empty-slow,35,0.068,2.045,14.502,0.000,16.546,0,1,0
empty-slow,36,0.260,1.644,15.286,0.000,16.929,0,1,0
empty-slow,37,0.216,2.644,13.699,0.000,16.344,0,1,0
empty-slow,38,0.189,6.077,9.620,0.000,15.697,0,1,0
empty-slow,39,0.058,2.094,14.341,0.000,16.435,0,1,0
empty-slow,40,0.041,4.685,11.669,0.000,16.354,0,1,0
empty-slow,41,0.056,1.612,15.255,0.000,16.867,0,1,0
empty-slow,42,0.068,2.114,14.321,0.000,16.436,0,1,0
empty-slow,43,0.087,1.982,15.002,0.000,16.984,0,1,0
empty-slow,44,0.263,1.702,13.680,0.000,15.383,0,1,0
empty-slow,45,0.051,1.995,15.088,0.000,17.083,0,1,0
empty-slow,46,0.182,1.676,12.207,0.000,13.883,0,1,0
empty-slow,47,0.059,2.012,14.501,0.000,16.513,0,1,0
empty-slow,48,0.064,2.549,14.214,0.000,16.763,0,1,0
empty-slow,49,0.222,1.923,9.229,0.000,11.152,0,2,0
empty-slow,50,0.060,1.673,14.957,0.000,16.630,0,1,0
empty-slow,51,0.131,1.304,15.662,0.000,16.966,0,1,0
empty-slow,52,0.046,2.042,14.327,0.000,16.369,0,1,0
empty-slow,53,0.059,1.753,14.791,0.000,16.544,0,1,0
empty-slow,54,0.040,1.574,14.722,0.000,16.295,0,1,0
empty-slow,55,0.031,5.272,11.461,0.000,16.734,0,1,0
empty-slow,56,0.028,5.237,11.233,0.000,16.471,0,1,0
empty-slow,57,0.029,6.379,10.192,0.000,16.571,0,1,0
empty-slow,58,0.029,5.098,12.223,0.000,17.321,0,1,0
empty-slow,59,0.050,1.804,14.636,0.000,16.440,0,1,0
empty-slow,60,0.054,1.852,15.278,0.000,17.130,0,1,0
empty-slow,61,0.074,2.345,14.221,0.000,16.566,0,1,0
empty-slow,62,0.177,2.088,13.549,0.000,15.637,0,2,0
empty-slow,63,0.110,1.604,14.525,0.000,16.128,0,1,0
empty-slow,64,0.133,2.300,13.218,0.000,15.519,0,1,0
empty-slow,65,0.247,1.753,14.560,0.000,16.313,0,1,0
empty-slow,66,0.050,1.863,14.598,0.000,16.461,0,1,0
empty-slow,67,0.058,6.052,10.448,0.000,16.500,0,1,0
empty-slow,68,0.045,4.912,11.530,0.000,16.442,0,1,0
empty-slow,69,0.042,1.674,15.138,0.000,16.813,0,1,0
empty-slow,70,0.034,4.798,12.147,0.000,16.945,0,1,0
empty-slow,71,0.054,2.254,13.927,0.000,16.181,0,1,0
empty-slow,72,0.037,5.467,10.827,0.000,16.294,0,1,0
empty-slow,73,0.028,5.197,11.985,0.000,17.181,0,1,0
empty-slow,74,0.274,1.072,14.691,0.000,15.763,0,2,0
empty-slow,75,0.051,2.064,14.643,0.000,16.707,0,1,0
empty-slow,76,0.039,1.650,15.060,0.000,16.710,0,1,0
empty-slow,77,0.437,1.832,13.094,0.000,14.926,0,1,0
empty-slow,78,0.214,1.258,14.511,0.000,15.769,0,2,0
empty-slow,79,0.049,2.365,14.437,0.000,16.801,0,1,0
empty-slow,80,0.038,2.318,14.277,0.000,16.594,0,1,0
empty-slow,81,0.055,2.611,14.177,0.000,16.788,0,1,0
empty-slow,82,0.061,2.018,14.072,0.000,16.090,0,1,0
empty-slow,83,0.049,1.773,14.758,0.000,16.531,0,1,0
empty-slow,84,0.131,1.765,14.927,0.000,16.692,0,1,0
empty-slow,85,0.044,1.730,15.068,0.000,16.798,0,1,0
empty-slow,86,0.064,1.358,14.470,0.000,15.828,0,1,0
empty-slow,87,0.219,1.415,13.852,0.000,15.266,0,1,0
empty-slow,88,0.043,1.886,14.503,0.000,16.389,0,1,0
empty-slow,89,0.042,1.894,14.777,0.000,16.672,0,1,0
empty-slow,90,0.041,5.298,11.450,0.000,16.748,0,1,0
empty-slow,91,0.046,2.006,14.629,0.000,16.636,0,1,0
empty-slow,92,0.065,1.887,14.690,0.000,16.577,0,1,0
empty-slow,93,0.050,1.634,15.063,0.000,16.698,0,1,0
empty-slow,94,0.112,0.772,12.123,0.000,12.895,0,1,0
empty-slow,95,0.049,2.177,15.088,0.000,17.265,0,1,0
empty-slow,96,0.200,1.609,13.939,0.000,15.548,0,2,0
empty-slow,97,0.099,2.374,14.039,0.000,16.413,0,1,0
empty-slow,98,0.067,1.922,14.566,0.000,16.488,0,1,0
empty-slow,99,0.058,5.540,11.105,0.000,16.645,0,1,0
empty-slow,100,0.064,1.993,14.648,0.000,16.641,0,1,0
empty-slow,101,0.069,2.225,14.198,0.000,16.423,0,1,0
empty-slow,102,0.075,2.052,14.787,0.000,16.840,0,1,0
empty-slow,103,0.065,1.834,14.636,0.000,16.470,0,1,0
empty-slow,104,0.097,2.390,13.804,0.000,16.194,0,1,0
empty-slow,105,0.057,2.388,14.175,0.000,16.563,0,1,0
empty-slow,106,0.330,1.555,14.062,0.000,15.616,0,1,0
empty-slow,107,0.051,1.745,15.300,0.000,17.045,0,1,0
empty-slow,108,0.051,1.941,14.647,0.000,16.587,0,1,0
empty-slow,109,0.147,2.276,8.622,0.000,10.898,0,1,0
empty-slow,110,0.045,1.838,14.686,0.000,16.524,0,1,0
empty-slow,111,0.125,1.645,14.258,0.000,15.903,0,1,0
empty-slow,112,0.035,1.750,14.993,0.000,16.744,0,1,0
empty-slow,113,0.067,1.884,14.640,0.000,16.524,0,1,0
empty-slow,114,0.055,1.812,14.930,0.000,16.742,0,1,0
empty-slow,115,0.375,2.601,13.023,0.000,15.623,0,1,0
empty-slow,116,0.065,1.748,15.390,0.000,17.138,0,1,0
empty-slow,117,0.207,1.802,13.314,0.000,15.116,0,1,0
empty-slow,118,0.147,1.679,14.689,0.000,16.367,0,2,0
empty-slow,119,0.051,2.000,14.931,0.000,16.932,0,1,0
empty-slow,120,0.061,2.274,14.047,0.000,16.320,0,1,0
empty-slow,121,0.324,1.340,14.898,0.000,16.239,0,1,0
empty-slow,122,0.051,1.784,14.263,0.000,16.047,0,1,0
empty-slow,123,0.111,1.203,14.894,0.000,16.097,0,2,0
empty-slow,124,0.039,1.729,14.938,0.000,16.667,0,1,0
empty-slow,125,0.192,5.191,11.537,0.000,16.727,0,1,0
empty-slow,126,0.040,1.983,14.963,0.000,16.946,0,1,0
empty-slow,127,0.097,1.689,14.367,0.000,16.057,0,1,0
empty-slow,128,0.045,2.102,14.760,0.000,16.862,0,1,0
empty-slow,129,0.062,1.818,14.883,0.000,16.700,0,1,0
empty-slow,130,0.099,1.523,14.342,0.000,15.865,0,1,0
empty-slow,131,0.043,1.840,14.961,0.000,16.801,0,1,0
empty-slow,132,0.046,1.789,14.994,0.000,16.783,0,1,0
empty-slow,133,0.200,1.896,13.845,0.000,15.741,0,1,0
empty-slow,134,0.052,1.852,14.637,0.000,16.489,0,1,0
empty-slow,135,0.052,1.732,14.940,0.000,16.672,0,1,0
empty-slow,136,0.053,5.326,11.167,0.000,16.492,0,1,0
empty-slow,137,0.100,2.408,12.784,0.000,15.191,0,1,0
empty-slow,138,0.170,1.684,15.120,0.000,16.804,0,2,0
empty-slow,139,0.095,1.030,13.493,0.000,14.523,0,1,0
empty-slow,140,0.133,2.014,13.857,0.000,15.870,0,1,0
empty-slow,141,0.185,1.479,14.003,0.000,15.481,0,2,0
empty-slow,142,0.037,5.112,11.678,0.000,16.790,0,1,0
empty-slow,143,0.053,1.931,14.934,0.000,16.864,0,1,0
empty-slow,144,0.046,2.138,14.040,0.000,16.178,0,1,0
empty-slow,145,0.057,2.069,14.697,0.000,16.766,0,1,0
empty-slow,146,0.149,2.047,14.391,0.000,16.438,0,1,0
empty-slow,147,0.209,1.663,14.646,0.000,16.309,0,1,0
empty-slow,148,0.038,1.988,14.910,0.000,16.898,0,1,0
empty-slow,149,0.124,1.624,14.117,0.000,15.741,0,1,0
empty-slow,150,0.159,1.850,14.129,0.000,15.979,0,1,0
empty-slow,151,0.176,1.567,14.543,0.000,16.110,0,2,0
empty-slow,152,0.048,1.732,14.742,0.000,16.474,0,1,0
empty-slow,153,0.041,5.089,11.460,0.000,16.549,0,1,0
empty-slow,154,0.032,1.827,14.725,0.000,16.551,0,1,0
empty-slow,155,0.214,2.002,15.454,0.000,17.457,0,1,0
empty-slow,156,0.161,1.881,14.141,0.000,16.022,0,1,0
empty-slow,157,0.173,1.935,13.640,0.000,15.574,0,2,0
empty-slow,158,0.053,2.213,14.131,0.000,16.343,0,1,0
empty-slow,159,0.072,2.119,14.405,0.000,16.524,0,1,0
empty-slow,160,0.174,5.910,10.273,0.000,16.183,0,2,0
empty-slow,161,0.052,1.745,14.658,0.000,16.402,0,1,0
empty-slow,162,0.047,1.712,15.545,0.000,17.257,0,1,0
empty-slow,163,0.164,1.957,13.293,0.000,15.251,0,2,0
empty-slow,164,0.042,1.988,15.103,0.000,17.092,0,1,0
empty-slow,165,0.066,2.588,13.718,0.000,16.306,0,1,0
empty-slow,166,0.051,2.306,14.119,0.000,16.425,0,1,0
empty-slow,167,0.046,1.773,15.043,0.000,16.816,0,1,0
empty-slow,168,0.060,1.972,14.366,0.000,16.338,0,1,0
empty-slow,169,0.117,1.954,14.612,0.000,16.566,0,1,0
empty-slow,170,0.037,4.939,11.374,0.000,16.313,0,1,0
empty-slow,171,0.031,5.231,11.341,0.000,16.572,0,1,0
empty-slow,172,0.030,2.028,14.954,0.000,16.982,0,1,0
empty-slow,173,0.038,2.082,14.122,0.000,16.203,0,1,0
empty-slow,174,0.037,1.941,14.974,0.000,16.915,0,1,0
empty-slow,175,0.064,2.186,14.189,0.000,16.376,0,1,0
empty-slow,176,0.095,5.082,11.462,0.000,16.544,0,1,0
empty-slow,177,0.047,2.160,15.022,0.000,17.182,0,1,0
empty-slow,178,0.174,2.005,13.802,0.000,15.807,0,1,0
empty-slow,179,0.089,1.996,14.114,0.000,16.109,0,1,0
empty-slow,180,0.055,1.842,14.796,0.000,16.639,0,1,0
empty-slow,181,0.119,1.949,14.295,0.000,16.244,0,1,0
empty-slow,182,0.052,2.638,14.167,0.000,16.806,0,1,0
empty-slow,183,13.506,15.806,4.553,0.000,20.359,0,1,0
empty-fast,0,0.314,0.692,0.180,0.000,0.872,0,2,0
empty-fast,1,0.139,0.804,0.208,0.000,1.012,0,1,0
empty-fast,2,0.015,0.824,0.172,0.000,0.996,0,1,0
empty-fast,3,0.115,0.626,0.178,0.000,0.805,0,1,0
empty-fast,4,0.008,0.689,0.092,0.000,0.781,0,1,0
empty-fast,5,0.160,0.624,1.444,0.000,2.068,0,1,0
empty-fast,6,0.011,5.961,11.021,0.000,16.982,0,1,0
empty-fast,7,0.088,2.120,14.119,0.000,16.239,0,1,0
empty-fast,8,0.033,5.758,11.104,0.000,16.862,0,1,0
empty-fast,9,0.153,2.165,14.289,0.000,16.454,0,1,0
empty-fast,10,0.083,0.641,11.856,0.000,12.497,0,3,0
empty-fast,11,0.033,2.105,15.677,0.000,17.781,0,1,0
empty-fast,12,0.158,1.609,14.400,0.000,16.010,0,1,0
empty-fast,13,0.054,2.027,14.610,0.000,16.637,0,1,0
empty-fast,14,0.319,1.455,14.668,0.000,16.122,0,1,0
empty-fast,15,0.124,5.072,10.686,0.000,15.757,0,1,0
empty-fast,16,0.060,2.007,15.098,0.000,17.105,0,1,0
empty-fast,17,0.165,2.156,13.780,0.000,15.936,0,1,0
empty-fast,18,0.205,1.417,14.235,0.000,15.652,0,2,0
empty-fast,19,0.047,2.134,14.681,0.000,16.815,0,1,0
empty-fast,20,0.052,1.918,14.531,0.000,16.448,0,1,0
empty-fast,21,0.039,2.008,14.726,0.000,16.733,0,1,0
empty-fast,22,0.054,2.102,14.828,0.000,16.930,0,1,0
empty-fast,23,0.087,1.803,14.333,0.000,16.136,0,1,0
empty-fast,24,0.063,2.112,14.411,0.000,16.523,0,1,0
empty-fast,25,0.164,1.602,14.161,0.000,15.764,0,2,0
empty-fast,26,0.035,2.069,15.331,0.000,17.400,0,1,0
empty-fast,27,0.153,1.486,14.055,0.000,15.541,0,1,0
empty-fast,28,0.117,1.908,14.164,0.000,16.072,0,1,0
empty-fast,29,0.043,5.515,11.312,0.000,16.827,0,1,0
empty-fast,30,0.068,5.250,11.549,0.000,16.799,0,1,0
empty-fast,31,0.049,1.838,14.611,0.000,16.449,0,1,0
empty-fast,32,0.046,4.953,11.463,0.000,16.416,0,1,0
empty-fast,33,0.036,5.442,11.332,0.000,16.774,0,1,0
empty-fast,34,0.048,5.389,11.291,0.000,16.680,0,1,0
empty-fast,35,0.138,1.712,14.386,0.000,16.098,0,1,0
empty-fast,36,0.031,5.588,10.792,0.000,16.380,0,1,0
empty-fast,37,0.034,5.439,11.610,0.000,17.049,0,1,0
empty-fast,38,0.067,1.759,14.755,0.000,16.513,0,1,0
empty-fast,39,0.042,5.516,10.968,0.000,16.483,0,1,0
empty-fast,40,0.160,5.262,11.007,0.000,16.268,0,1,0
empty-fast,41,0.020,5.603,10.854,0.000,16.456,0,1,0
empty-fast,42,0.028,5.807,10.951,0.000,16.758,0,1,0
empty-fast,43,0.019,5.516,11.121,0.000,16.637,0,1,0
empty-fast,44,0.100,6.193,10.254,0.000,16.447,0,1,0
empty-fast,45,0.029,6.273,10.405,0.000,16.678,0,1,0
empty-fast,46,0.059,5.781,10.635,0.000,16.416,0,1,0
empty-fast,47,0.018,6.233,10.662,0.000,16.895,0,1,0
empty-fast,48,0.121,6.428,9.844,0.000,16.273,0,1,0
empty-fast,49,0.032,5.458,11.255,0.000,16.713,0,1,0
empty-fast,50,0.088,5.325,11.213,0.000,16.539,0,1,0
empty-fast,51,0.027,5.493,11.573,0.000,17.065,0,1,0
empty-fast,52,0.046,5.396,10.891,0.000,16.286,0,1,0
empty-fast,53,0.087,1.702,14.760,0.000,16.462,0,1,0
empty-fast,54,0.047,5.494,10.941,0.000,16.435,0,1,0
empty-fast,55,0.096,3.097,11.170,0.000,14.268,0,3,0
empty-fast,56,0.035,5.284,11.482,0.000,16.766,0,1,0
empty-fast,57,0.076,5.279,10.868,0.000,16.147,0,1,0
empty-fast,58,0.025,5.733,10.862,0.000,16.596,0,1,0
empty-fast,59,0.032,5.853,10.889,0.000,16.742,0,1,0
empty-fast,60,0.018,5.860,10.846,0.000,16.705,0,1,0
empty-fast,61,0.023,6.644,10.042,0.000,16.686,0,1,0
empty-fast,62,0.050,6.027,10.317,0.000,16.343,0,1,0
empty-fast,63,0.064,5.967,11.284,0.000,17.251,0,1,0
empty-fast,64,0.048,5.363,10.594,0.000,15.957,0,1,0
empty-fast,65,0.035,5.347,11.273,0.000,16.620,0,1,0
empty-fast,66,0.069,5.331,11.113,0.000,16.443,0,1,0
empty-fast,67,0.033,5.291,11.597,0.000,16.888,0,1,0
empty-fast,68,0.164,1.607,14.446,0.000,16.053,0,1,0
empty-fast,69,0.039,5.590,10.953,0.000,16.543,0,1,0
empty-fast,70,0.040,5.494,11.705,0.000,17.199,0,1,0
empty-fast,71,0.202,2.095,14.428,0.000,16.523,0,1,0
empty-fast,72,0.117,1.647,14.324,0.000,15.971,0,1,0
empty-fast,73,0.206,1.913,14.769,0.000,16.682,0,1,0
empty-fast,74,0.229,2.168,13.470,0.000,15.638,0,1,0
empty-fast,75,0.049,1.952,14.852,0.000,16.804,0,1,0
empty-fast,76,0.093,4.142,11.977,0.000,16.118,0,1,0
empty-fast,77,0.054,1.893,14.825,0.000,16.718,0,1,0
empty-fast,78,0.046,5.434,10.567,0.000,16.001,0,1,0
empty-fast,79,0.050,1.973,14.847,0.000,16.821,0,1,0
empty-fast,80,0.046,1.955,14.841,0.000,16.796,0,1,0
empty-fast,81,0.053,5.338,11.043,0.000,16.381,0,1,0
empty-fast,82,0.042,2.368,14.719,0.000,17.087,0,1,0
empty-fast,83,0.141,2.047,14.144,0.000,16.191,0,1,0
empty-fast,84,0.050,1.825,14.348,0.000,16.173,0,1,0
empty-fast,85,0.309,2.048,14.855,0.000,16.903,0,1,0
empty-fast,86,0.141,1.675,14.364,0.000,16.038,0,1,0
empty-fast,87,0.298,1.665,14.243,0.000,15.909,0,1,0
empty-fast,88,0.037,2.280,14.309,0.000,16.589,0,1,0
empty-fast,89,0.046,2.373,14.746,0.000,17.119,0,1,0
empty-fast,90,0.046,2.662,13.780,0.000,16.442,0,1,0
empty-fast,91,0.062,2.186,14.354,0.000,16.540,0,1,0
empty-fast,92,0.065,2.083,14.392,0.000,16.474,0,1,0
empty-fast,93,0.046,1.999,14.777,0.000,16.775,0,1,0
empty-fast,94,0.062,2.120,14.620,0.000,16.740,0,1,0
empty-fast,95,0.064,2.100,14.529,0.000,16.629,0,1,0
empty-fast,96,0.082,2.516,14.243,0.000,16.759,0,1,0
empty-fast,97,0.309,2.026,13.354,0.000,15.380,0,1,0
empty-fast,98,0.133,2.036,14.513,0.000,16.549,0,1,0
empty-fast,99,0.260,2.034,9.783,0.000,11.817,0,2,0
empty-fast,100,0.035,1.953,14.966,0.000,16.918,0,1,0
empty-fast,101,0.099,1.812,13.705,0.000,15.517,0,1,0
empty-fast,102,0.155,1.412,14.372,0.000,15.784,0,2,0
empty-fast,103,0.046,1.975,15.165,0.000,17.140,0,1,0
empty-fast,104,0.039,2.280,14.762,0.000,17.042,0,1,0
empty-fast,105,0.045,2.004,13.771,0.000,15.775,0,1,0
empty-fast,106,0.041,5.761,11.101,0.000,16.863,0,1,0
empty-fast,107,0.111,5.747,10.291,0.000,16.038,0,2,0
empty-fast,108,0.049,5.701,11.242,0.000,16.943,0,1,0
empty-fast,109,0.200,2.111,13.731,0.000,15.841,0,2,0
empty-fast,110,0.023,5.232,11.452,0.000,16.684,0,1,0
empty-fast,111,0.035,6.420,10.128,0.000,16.549,0,1,0
empty-fast,112,0.033,5.959,10.303,0.000,16.261,0,1,0
empty-fast,113,0.222,5.903,10.598,0.000,16.501,0,1,0
empty-fast,114,0.030,6.127,10.709,0.000,16.836,0,1,0
empty-fast,115,0.225,5.630,10.715,0.000,16.345,0,1,0
empty-fast,116,0.024,6.112,10.203,0.000,16.315,0,1,0
empty-fast,117,0.094,5.876,11.369,0.000,17.245,0,1,0
empty-fast,118,0.064,6.031,10.369,0.000,16.399,0,1,0
empty-fast,119,0.066,5.482,10.626,0.000,16.108,0,2,0
empty-fast,120,0.033,1.834,14.708,0.000,16.541,0,1,0
empty-fast,121,0.040,2.107,15.227,0.000,17.334,0,1,0
empty-fast,122,0.051,2.185,14.360,0.000,16.544,0,1,0
empty-fast,123,0.055,2.083,13.942,0.000,16.025,0,1,0
empty-fast,124,0.037,5.366,10.734,0.000,16.100,0,1,0
empty-fast,125,0.024,5.064,11.594,0.000,16.658,0,1,0
empty-fast,126,0.021,5.772,11.063,0.000,16.835,0,1,0
empty-fast,127,0.113,6.372,10.051,0.000,16.423,0,1,0
empty-fast,128,0.057,4.086,10.554,0.000,14.640,0,1,0
empty-fast,129,0.024,6.462,10.177,0.000,16.639,0,1,0
empty-fast,130,0.268,6.102,10.384,0.000,16.486,0,1,0
empty-fast,131,0.017,5.966,10.880,0.000,16.846,0,1,0
empty-fast,132,0.022,6.366,10.598,0.000,16.964,0,1,0
empty-fast,133,0.037,5.414,10.884,0.000,16.297,0,1,0
empty-fast,134,0.036,5.579,11.459,0.000,17.038,0,1,0
empty-fast,135,0.176,1.360,14.801,0.000,16.162,0,1,0
empty-fast,136,0.208,1.917,14.244,0.000,16.161,0,1,0
empty-fast,137,0.045,5.395,11.584,0.000,16.979,0,1,0
empty-fast,138,0.052,1.914,14.649,0.000,16.563,0,1,0
empty-fast,139,0.071,1.875,14.885,0.000,16.760,0,1,0
empty-fast,140,0.248,1.968,14.104,0.000,16.072,0,1,0
empty-fast,141,0.087,2.053,14.015,0.000,16.068,0,1,0
empty-fast,142,0.146,1.864,14.704,0.000,16.568,0,1,0
empty-fast,143,0.037,2.326,14.161,0.000,16.487,0,1,0
empty-fast,144,0.050,2.167,14.452,0.000,16.619,0,1,0
empty-fast,145,0.070,2.297,14.605,0.000,16.903,0,1,0
empty-fast,146,0.056,2.056,14.276,0.000,16.332,0,1,0
empty-fast,147,0.058,2.242,14.972,0.000,17.214,0,1,0
empty-fast,148,0.080,1.912,14.331,0.000,16.243,0,1,0
empty-fast,149,0.042,2.431,13.621,0.000,16.052,0,1,0
empty-fast,150,0.041,1.904,15.087,0.000,16.992,0,1,0
empty-fast,151,0.049,2.259,14.277,0.000,16.536,0,1,0
empty-fast,152,0.090,2.303,14.080,0.000,16.383,0,1,0
empty-fast,153,0.059,2.989,14.143,0.000,17.132,0,1,0
empty-fast,154,13.756,5.455,10.155,0.000,15.610,0,1,0
dense,0,1.113,1.892,0.186,0.000,2.078,0,2,0
dense,1,0.069,0.571,0.095,0.000,0.666,0,1,0
dense,2,0.011,0.513,0.122,0.000,0.634,0,1,0
dense,3,0.118,0.938,0.140,0.000,1.077,0,1,0
dense,4,0.010,0.803,1.330,0.000,2.133,0,1,0
dense,5,0.175,0.743,3.114,0.000,3.857,0,1,0
dense,6,0.011,6.523,10.272,0.000,16.795,0,1,0
dense,7,0.035,7.872,9.244,0.000,17.115,0,1,0
dense,8,0.024,6.093,10.357,0.000,16.450,0,1,0
dense,9,0.037,5.802,11.013,0.000,16.814,0,1,0
dense,10,0.048,2.093,14.731,0.000,16.824,0,1,0
dense,11,0.074,2.158,13.965,0.000,16.124,0,1,0
dense,12,0.049,2.283,14.948,0.000,17.231,0,1,0
dense,13,0.066,2.237,13.207,0.000,15.444,0,1,0
dense,14,0.032,6.105,10.444,0.000,16.549,0,1,0
dense,15,0.022,6.430,10.130,0.000,16.560,0,1,0
dense,16,0.101,6.563,10.338,0.000,16.901,0,1,0
dense,17,0.049,6.465,9.389,0.000,15.853,0,1,0
dense,18,0.065,6.617,9.421,0.000,16.038,0,2,0
dense,19,0.022,6.740,9.860,0.000,16.600,0,1,0
dense,20,0.020,6.468,10.141,0.000,16.608,0,1,0
dense,21,0.024,6.685,10.221,0.000,16.906,0,1,0
dense,22,0.033,6.490,9.947,0.000,16.437,0,1,0
dense,23,0.032,6.078,10.818,0.000,16.896,0,1,0
dense,24,0.046,2.009,14.589,0.000,16.598,0,1,0
dense,25,0.054,2.277,14.622,0.000,16.899,0,1,0
dense,26,0.053,2.146,14.205,0.000,16.350,0,1,0
dense,27,0.055,2.300,14.858,0.000,17.158,0,1,0
dense,28,0.069,2.211,13.445,0.000,15.656,0,1,0
dense,29,0.024,6.467,10.043,0.000,16.510,0,1,0
dense,30,0.067,2.004,14.651,0.000,16.655,0,1,0
dense,31,0.108,6.408,9.971,0.000,16.378,0,1,0
dense,32,0.050,6.476,9.957,0.000,16.433,0,1,0
dense,33,0.143,5.774,10.817,0.000,16.591,0,1,0
dense,34,0.021,6.596,10.162,0.000,16.757,0,1,0
dense,35,0.022,6.696,10.027,0.000,16.722,0,1,0
dense,36,0.027,6.037,10.090,0.000,16.127,0,1,0
dense,37,0.126,7.579,9.472,0.000,17.051,0,1,0
dense,38,0.033,7.496,8.435,0.000,15.931,0,1,0
dense,39,0.052,6.153,11.030,0.000,17.182,0,1,0
dense,40,0.031,6.114,10.810,0.000,16.924,0,1,0
dense,41,0.059,2.320,14.384,0.000,16.703,0,1,0
dense,42,0.042,6.104,10.500,0.000,16.605,0,1,0
dense,43,0.058,2.253,14.255,0.000,16.508,0,1,0
dense,44,0.061,2.381,14.194,0.000,16.575,0,1,0
dense,45,0.063,2.203,14.078,0.000,16.281,0,1,0
dense,46,0.036,6.273,10.741,0.000,17.014,0,1,0
dense,47,0.061,2.719,13.736,0.000,16.455,0,1,0
dense,48,0.064,1.579,10.853,0.000,12.432,0,2,0
dense,49,0.100,1.839,12.772,0.000,14.611,0,1,0
dense,50,0.149,1.744,14.272,0.000,16.015,0,2,0
dense,51,0.365,2.366,13.673,0.000,16.039,0,1,0
dense,52,0.058,2.957,13.903,0.000,16.859,0,1,0
dense,53,0.075,2.534,13.742,0.000,16.276,0,1,0
dense,54,0.056,2.522,14.305,0.000,16.827,0,1,0
dense,55,0.080,6.350,9.681,0.000,16.031,0,1,0
dense,56,0.049,2.063,14.558,0.000,16.621,0,1,0
dense,57,0.090,2.412,14.690,0.000,17.102,0,1,0
dense,58,0.248,2.499,12.593,0.000,15.092,0,2,0
dense,59,0.170,2.636,13.608,0.000,16.244,0,1,0
dense,60,0.043,6.433,9.857,0.000,16.290,0,1,0
dense,61,0.032,2.458,14.929,0.000,17.387,0,1,0
dense,62,0.050,2.439,13.772,0.000,16.211,0,1,0
dense,63,0.241,2.190,14.238,0.000,16.428,0,1,0
dense,64,0.048,6.659,9.883,0.000,16.541,0,1,0
dense,65,0.043,5.919,10.908,0.000,16.827,0,1,0
dense,66,0.048,6.964,11.548,0.000,18.513,0,1,0
dense,67,0.053,1.666,13.265,0.000,14.931,0,1,0
dense,68,0.175,2.827,12.729,0.000,15.555,0,1,0
dense,69,0.052,2.564,13.988,0.000,16.551,0,1,0
dense,70,0.064,2.772,13.600,0.000,16.371,0,1,0
dense,71,0.051,2.118,14.758,0.000,16.876,0,1,0
dense,72,0.241,2.263,13.475,0.000,15.738,0,1,0
dense,73,0.070,2.311,14.055,0.000,16.366,0,1,0
dense,74,0.041,2.516,14.518,0.000,17.034,0,1,0
dense,75,0.053,2.202,13.977,0.000,16.179,0,1,0
dense,76,0.046,6.147,10.143,0.000,16.290,0,1,0
dense,77,0.034,6.266,10.684,0.000,16.950,0,1,0
dense,78,0.043,6.151,10.772,0.000,16.923,0,1,0
dense,79,0.593,1.707,14.554,0.000,16.261,0,1,0
dense,80,0.066,2.099,13.927,0.000,16.025,0,1,0
dense,81,0.058,2.262,15.195,0.000,17.456,0,1,0
dense,82,0.058,2.091,13.460,0.000,15.551,0,1,0
dense,83,0.394,2.159,13.858,0.000,16.017,0,1,0
dense,84,0.047,2.467,13.947,0.000,16.414,0,1,0
dense,85,0.049,2.149,15.093,0.000,17.242,0,1,0
dense,86,0.053,2.178,14.315,0.000,16.493,0,1,0
dense,87,0.057,2.243,14.495,0.000,16.738,0,1,0
dense,88,0.052,2.773,13.439,0.000,16.212,0,1,0
dense,89,0.065,2.254,14.379,0.000,16.633,0,1,0
dense,90,0.044,2.295,14.081,0.000,16.376,0,1,0
dense,91,0.053,2.317,14.479,0.000,16.796,0,1,0
dense,92,0.059,2.213,14.725,0.000,16.938,0,1,0
dense,93,0.297,2.275,10.379,0.000,12.654,0,1,0
dense,94,0.041,2.282,15.247,0.000,17.529,0,1,0
dense,95,0.048,2.004,14.235,0.000,16.239,0,1,0
dense,96,0.061,2.169,14.118,0.000,16.287,0,1,0
dense,97,0.035,6.201,10.734,0.000,16.935,0,1,0
dense,98,0.051,2.133,14.269,0.000,16.402,0,1,0
dense,99,0.068,2.798,14.112,0.000,16.911,0,1,0
dense,100,0.061,2.098,14.550,0.000,16.647,0,1,0
dense,101,0.063,2.278,14.302,0.000,16.581,0,1,0
dense,102,0.102,2.183,14.091,0.000,16.274,0,1,0
dense,103,0.263,2.349,13.702,0.000,16.051,0,1,0
dense,104,0.061,2.397,14.436,0.000,16.832,0,1,0
dense,105,0.059,2.225,13.857,0.000,16.082,0,1,0
dense,106,0.068,2.189,14.528,0.000,16.717,0,1,0
dense,107,0.054,2.389,14.215,0.000,16.604,0,1,0
dense,108,0.057,2.108,14.945,0.000,17.053,0,1,0
dense,109,0.242,1.777,12.504,0.000,14.281,0,1,0
dense,110,0.213,1.850,13.698,0.000,15.548,0,2,0
dense,111,0.058,2.461,14.002,0.000,16.463,0,1,0
dense,112,0.059,2.613,13.952,0.000,16.565,0,1,0
dense,113,0.173,2.081,13.989,0.000,16.070,0,2,0
dense,114,0.056,2.192,14.418,0.000,16.610,0,1,0
dense,115,0.073,2.149,13.802,0.000,15.951,0,1,0
dense,116,0.051,6.656,10.576,0.000,17.232,0,1,0
dense,117,0.074,2.114,14.660,0.000,16.773,0,1,0
dense,118,0.161,2.285,12.942,0.000,15.226,0,1,0
dense,119,0.160,2.023,14.211,0.000,16.234,0,1,0
dense,120,0.047,2.396,14.192,0.000,16.588,0,1,0
dense,121,0.061,2.222,14.607,0.000,16.829,0,1,0
dense,122,0.049,2.227,14.150,0.000,16.376,0,1,0
dense,123,0.071,2.519,14.178,0.000,16.697,0,1,0
dense,124,0.058,2.069,14.218,0.000,16.287,0,1,0
dense,125,0.048,6.140,10.393,0.000,16.533,0,1,0
dense,126,0.042,2.282,14.947,0.000,17.229,0,1,0
dense,127,0.061,1.915,13.917,0.000,15.832,0,1,0
dense,128,0.034,2.113,14.388,0.000,16.501,0,1,0
dense,129,0.049,5.961,10.866,0.000,16.827,0,1,0
dense,130,0.108,6.099,10.624,0.000,16.723,0,1,0
dense,131,0.104,2.521,14.040,0.000,16.561,0,1,0
dense,132,0.065,3.184,13.608,0.000,16.792,0,1,0
dense,133,0.228,2.573,12.461,0.000,15.034,0,2,0
dense,134,0.061,2.408,14.591,0.000,16.998,0,1,0
dense,135,0.060,2.484,13.985,0.000,16.470,0,1,0
dense,136,0.049,2.208,14.463,0.000,16.671,0,1,0
dense,137,0.159,2.383,13.466,0.000,15.849,0,2,0
dense,138,0.091,2.020,9.810,0.000,11.829,0,2,0
dense,139,0.073,2.315,14.416,0.000,16.730,0,1,0
dense,140,0.102,2.109,13.471,0.000,15.580,0,1,0
dense,141,0.032,6.388,10.276,0.000,16.664,0,1,0
dense,142,0.067,2.435,14.053,0.000,16.488,0,1,0
dense,143,0.036,6.119,10.708,0.000,16.827,0,1,0
dense,144,0.057,2.565,14.055,0.000,16.620,0,1,0
dense,145,0.057,3.906,12.844,0.000,16.750,0,1,0
dense,146,0.311,1.782,14.100,0.000,15.882,0,1,0
dense,147,0.044,2.148,14.653,0.000,16.801,0,1,0
dense,148,0.063,2.195,14.292,0.000,16.487,0,1,0
dense,149,0.096,6.025,10.556,0.000,16.581,0,1,0
dense,150,0.081,2.328,14.175,0.000,16.503,0,1,0
dense,151,0.186,1.864,13.951,0.000,15.814,0,1,0
dense,152,0.080,2.141,14.448,0.000,16.589,0,1,0
dense,153,0.030,6.277,10.781,0.000,17.058,0,1,0
dense,154,0.495,5.653,10.276,0.000,15.929,0,1,0
dense,155,0.123,4.674,10.586,0.000,15.260,0,1,0
dense,156,0.046,2.958,13.677,0.000,16.635,0,1,0
dense,157,0.141,1.946,14.069,0.000,16.014,0,2,0
dense,158,0.051,2.365,14.235,0.000,16.600,0,1,0
dense,159,0.056,2.353,14.389,0.000,16.741,0,1,0
dense,160,0.146,1.972,13.876,0.000,15.848,0,1,0
dense,161,0.046,2.281,14.511,0.000,16.792,0,1,0
dense,162,0.049,2.234,14.375,0.000,16.609,0,1,0
dense,163,0.044,6.393,10.380,0.000,16.773,0,1,0
dense,164,0.133,2.081,13.901,0.000,15.982,0,1,0
dense,165,0.043,2.165,14.586,0.000,16.752,0,1,0
dense,166,0.079,1.776,13.796,0.000,15.572,0,1,0
dense,167,0.202,1.972,14.728,0.000,16.700,0,1,0
dense,168,0.209,2.287,13.810,0.000,16.097,0,1,0
dense,169,0.211,1.813,11.232,0.000,13.045,0,1,0
dense,170,0.119,2.547,12.835,0.000,15.383,0,2,0
dense,171,0.222,1.984,13.982,0.000,15.966,0,2,0
dense,172,0.136,1.978,14.255,0.000,16.233,0,1,0
dense,173,0.058,2.863,13.952,0.000,16.815,0,1,0
dense,174,0.130,2.496,13.955,0.000,16.452,0,1,0
dense,175,0.110,1.897,13.750,0.000,15.647,0,1,0
dense,176,0.067,2.096,14.592,0.000,16.688,0,1,0
dense,177,0.045,5.791,10.878,0.000,16.669,0,1,0
dense,178,0.037,6.101,10.462,0.000,16.562,0,1,0
dense,179,0.056,5.901,10.069,0.000,15.970,0,1,0
dense,180,0.086,1.956,14.854,0.000,16.810,0,2,0
dense,181,0.046,6.098,10.280,0.000,16.378,0,1,0
dense,182,0.036,6.183,10.612,0.000,16.795,0,1,0
dense,183,0.057,2.416,14.035,0.000,16.452,0,1,0
dense,184,5.433,4.410,11.741,0.000,16.151,0,1,0
long-12s,0,0.265,1.009,0.570,0.000,1.578,0,2,0
long-12s,1,0.075,0.862,0.293,0.000,1.155,0,1,0
long-12s,2,0.194,0.721,0.147,0.000,0.868,0,1,0
long-12s,3,0.012,0.390,0.107,0.000,0.497,0,1,0
long-12s,4,0.054,1.074,0.281,0.000,1.355,0,1,0
long-12s,5,0.052,1.178,0.370,0.000,1.548,0,1,0
long-12s,6,0.054,0.855,0.192,0.000,1.047,0,1,0
long-12s,7,0.124,0.792,0.347,0.000,1.139,0,1,0
long-12s,8,0.051,4.413,11.425,0.000,15.837,0,1,0
long-12s,9,0.032,5.248,11.653,0.000,16.901,0,1,0
long-12s,10,0.050,5.260,11.160,0.000,16.419,0,1,0
long-12s,11,0.036,5.065,11.851,0.000,16.916,0,1,0
long-12s,12,0.041,1.868,14.966,0.000,16.834,0,1,0
long-12s,13,0.437,1.845,12.388,0.000,14.232,0,1,0
long-12s,14,0.038,5.518,10.832,0.000,16.350,0,1,0
long-12s,15,0.102,3.708,11.838,0.000,15.546,0,1,0
long-12s,16,0.083,2.122,14.341,0.000,16.463,0,1,0
long-12s,17,0.324,1.217,14.984,0.000,16.201,0,1,0
long-12s,18,0.048,1.695,14.974,0.000,16.669,0,1,0
long-12s,19,0.338,1.522,14.248,0.000,15.770,0,1,0
long-12s,20,0.131,1.194,15.253,0.000,16.447,0,1,0
long-12s,21,0.050,2.000,14.309,0.000,16.309,0,1,0
long-12s,22,0.037,5.244,11.442,0.000,16.686,0,1,0
long-12s,23,0.092,1.542,14.534,0.000,16.075,0,1,0
long-12s,24,0.261,1.368,14.641,0.000,16.009,0,2,0
long-12s,25,0.251,1.763,14.454,0.000,16.217,0,1,0
long-12s,26,0.178,1.837,14.561,0.000,16.398,0,1,0
long-12s,27,0.082,1.961,14.253,0.000,16.214,0,1,0
long-12s,28,0.047,2.236,14.485,0.000,16.721,0,1,0
long-12s,29,0.237,4.335,11.612,0.000,15.947,0,1,0
long-12s,30,0.061,1.841,14.673,0.000,16.514,0,1,0
long-12s,31,0.059,1.710,15.367,0.000,17.077,0,1,0
long-12s,32,0.108,1.355,14.681,0.000,16.036,0,1,0
long-12s,33,0.095,1.773,14.511,0.000,16.283,0,1,0
long-12s,34,0.080,1.065,14.296,0.000,15.361,0,1,0
long-12s,35,0.109,1.414,13.597,0.000,15.011,0,1,0
long-12s,36,0.057,1.797,15.493,0.000,17.290,0,1,0
long-12s,37,1.140,1.362,13.311,0.000,14.673,0,1,0
long-12s,38,0.221,2.000,13.739,0.000,15.739,0,1,0
long-12s,39,0.022,5.167,11.232,0.000,16.399,0,1,0
long-12s,40,0.018,5.767,10.907,0.000,16.674,0,1,0
long-12s,41,0.032,5.285,11.167,0.000,16.452,0,1,0
long-12s,42,0.023,5.772,11.048,0.000,16.820,0,1,0
long-12s,43,0.029,6.168,10.202,0.000,16.370,0,1,0
long-12s,44,0.039,5.419,11.011,0.000,16.430,0,1,0
long-12s,45,0.033,5.362,11.154,0.000,16.516,0,1,0
long-12s,46,0.063,5.696,11.448,0.000,17.143,0,1,0
long-12s,47,0.040,5.416,11.189,0.000,16.605,0,1,0
long-12s,48,0.036,4.608,11.800,0.000,16.407,0,1,0
long-12s,49,0.177,1.669,14.262,0.000,15.931,0,2,0
long-12s,50,0.438,1.012,12.270,0.000,13.282,0,1,0
long-12s,51,0.066,1.197,14.313,0.000,15.510,0,1,0
long-12s,52,0.914,1.425,14.079,0.000,15.504,0,1,0
long-12s,53,0.037,1.986,14.484,0.000,16.471,0,1,0
long-12s,54,0.051,5.001,10.803,0.000,15.805,0,1,0
long-12s,55,0.018,5.309,11.197,0.000,16.506,0,1,0
long-12s,56,0.065,5.109,11.143,0.000,16.252,0,1,0
long-12s,57,0.061,5.381,11.050,0.000,16.431,0,1,0
long-12s,58,0.157,4.455,11.603,0.000,16.058,0,1,0
long-12s,59,0.040,6.115,10.313,0.000,16.429,0,1,0
long-12s,60,0.126,5.806,11.138,0.000,16.944,0,1,0
long-12s,61,0.049,0.930,0.143,0.000,1.073,0,1,0
long-12s,62,0.054,4.414,11.084,0.000,15.499,0,1,0
long-12s,63,0.041,5.475,11.671,0.000,17.146,0,1,0
long-12s,64,0.026,5.693,10.385,0.000,16.078,0,1,0
long-12s,65,0.057,5.403,11.105,0.000,16.508,0,1,0
long-12s,66,0.029,5.267,11.840,0.000,17.106,0,1,0
long-12s,67,0.020,0.970,14.867,0.000,15.837,0,1,0
long-12s,68,0.134,1.909,14.772,0.000,16.681,0,1,0
long-12s,69,0.101,1.562,14.241,0.000,15.803,0,1,0
long-12s,70,0.188,1.274,14.738,0.000,16.012,0,1,0
long-12s,71,0.053,1.845,14.763,0.000,16.608,0,1,0
long-12s,72,0.080,1.740,14.954,0.000,16.694,0,1,0
long-12s,73,0.104,1.234,14.226,0.000,15.460,0,1,0
long-12s,74,0.230,1.682,14.973,0.000,16.655,0,1,0
long-12s,75,0.376,1.233,14.507,0.000,15.740,0,1,0
long-12s,76,0.043,2.039,14.702,0.000,16.742,0,1,0
long-12s,77,0.045,2.123,14.666,0.000,16.789,0,1,0
long-12s,78,0.038,1.583,14.973,0.000,16.556,0,1,0
long-12s,79,0.062,3.419,13.066,0.000,16.485,0,1,0
long-12s,80,0.138,1.798,14.843,0.000,16.641,0,1,0
long-12s,81,0.161,1.728,14.307,0.000,16.035,0,2,0
long-12s,82,0.031,1.050,13.655,0.000,14.704,0,2,0
long-12s,83,0.120,1.324,13.215,0.000,14.539,0,1,0
long-12s,84,0.046,0.860,14.514,0.000,15.374,0,1,0
long-12s,85,0.114,1.368,14.582,0.000,15.949,0,1,0
long-12s,86,0.067,1.872,14.539,0.000,16.411,0,1,0
long-12s,87,0.086,1.961,14.818,0.000,16.778,0,1,0
long-12s,88,0.049,1.763,14.502,0.000,16.265,0,1,0
long-12s,89,0.060,1.939,14.431,0.000,16.370,0,1,0
long-12s,90,0.041,4.345,13.207,0.000,17.552,0,1,0
long-12s,91,0.352,1.400,13.938,0.000,15.338,0,1,0
long-12s,92,0.096,1.900,14.251,0.000,16.151,0,1,0
long-12s,93,0.042,1.686,15.124,0.000,16.810,0,1,0
long-12s,94,0.085,2.253,13.970,0.000,16.223,0,1,0
long-12s,95,0.363,1.796,13.664,0.000,15.460,0,1,0
long-12s,96,0.040,1.752,14.948,0.000,16.700,0,1,0
long-12s,97,0.042,0.761,13.118,0.000,13.879,0,1,0
long-12s,98,0.081,1.669,14.751,0.000,16.420,0,1,0
long-12s,99,0.067,2.230,14.351,0.000,16.581,0,1,0
long-12s,100,0.049,2.502,13.942,0.000,16.444,0,1,0
long-12s,101,0.143,1.399,15.071,0.000,16.469,0,1,0
long-12s,102,0.076,1.090,14.299,0.000,15.389,0,1,0
long-12s,103,0.028,4.988,11.531,0.000,16.519,0,1,0
long-12s,104,0.030,1.723,15.316,0.000,17.039,0,1,0
long-12s,105,0.134,1.772,14.518,0.000,16.290,0,1,0
long-12s,106,0.067,1.320,13.778,0.000,15.098,0,1,0
long-12s,107,0.159,0.930,14.895,0.000,15.825,0,1,0
long-12s,108,0.088,1.800,14.904,0.000,16.704,0,1,0
long-12s,109,0.406,0.993,12.604,0.000,13.597,0,1,0
long-12s,110,0.038,2.280,14.688,0.000,16.968,0,1,0
long-12s,111,0.326,1.319,14.533,0.000,15.852,0,1,0
long-12s,112,0.095,1.840,14.151,0.000,15.991,0,1,0
long-12s,113,0.037,1.668,15.101,0.000,16.770,0,1,0
long-12s,114,0.035,4.974,12.002,0.000,16.976,0,1,0
long-12s,115,0.214,1.503,14.559,0.000,16.062,0,1,0
long-12s,116,0.050,1.924,14.757,0.000,16.681,0,1,0
long-12s,117,0.085,2.060,14.720,0.000,16.780,0,1,0
long-12s,118,0.154,1.915,13.962,0.000,15.877,0,1,0
long-12s,119,0.040,1.826,14.833,0.000,16.659,0,1,0
long-12s,120,0.037,1.641,14.820,0.000,16.461,0,1,0
long-12s,121,0.036,5.032,11.644,0.000,16.676,0,1,0
long-12s,122,0.035,1.951,15.060,0.000,17.010,0,1,0
long-12s,123,0.043,4.973,11.612,0.000,16.585,0,1,0
long-12s,124,0.040,1.750,14.711,0.000,16.461,0,1,0
long-12s,125,0.035,5.029,11.668,0.000,16.697,0,1,0
long-12s,126,0.043,5.118,11.170,0.000,16.288,0,1,0
long-12s,127,0.069,2.774,11.746,0.000,14.520,0,1,0
long-12s,128,0.082,1.632,14.368,0.000,15.999,0,1,0
long-12s,129,0.248,1.369,15.202,0.000,16.572,0,1,0
long-12s,130,0.041,1.657,14.416,0.000,16.073,0,1,0
long-12s,131,0.038,1.961,14.771,0.000,16.731,0,1,0
long-12s,132,0.032,5.973,10.587,0.000,16.560,0,1,0
long-12s,133,0.061,5.553,10.815,0.000,16.368,0,1,0
long-12s,134,0.022,5.787,10.967,0.000,16.755,0,1,0
long-12s,135,0.040,6.919,10.023,0.000,16.942,0,1,0
long-12s,136,0.021,5.949,10.149,0.000,16.098,0,1,0
long-12s,137,0.025,5.316,11.700,0.000,17.016,0,1,0
long-12s,138,0.019,5.241,11.391,0.000,16.632,0,1,0
long-12s,139,0.057,0.741,13.798,0.000,14.538,0,1,0
long-12s,140,0.202,1.760,14.394,0.000,16.154,0,1,0
long-12s,141,0.043,1.888,15.168,0.000,17.055,0,1,0
long-12s,142,0.099,1.103,13.353,0.000,14.456,0,1,0
long-12s,143,0.158,1.993,13.974,0.000,15.966,0,1,0
long-12s,144,0.156,1.777,14.306,0.000,16.084,0,1,0
long-12s,145,0.214,1.350,14.512,0.000,15.862,0,1,0
long-12s,146,0.048,2.032,14.716,0.000,16.748,0,1,0
long-12s,147,0.068,2.410,14.182,0.000,16.592,0,1,0
long-12s,148,0.134,1.964,14.154,0.000,16.118,0,1,0
long-12s,149,0.055,1.952,15.052,0.000,17.003,0,1,0
long-12s,150,0.134,5.027,11.461,0.000,16.488,0,1,0
long-12s,151,0.070,2.318,14.509,0.000,16.828,0,1,0
long-12s,152,0.111,1.247,14.560,0.000,15.808,0,1,0
long-12s,153,0.155,1.269,14.381,0.000,15.649,0,2,0
long-12s,154,0.070,1.346,14.198,0.000,15.544,0,1,0
long-12s,155,0.709,2.169,12.811,0.000,14.980,0,1,0
long-12s,156,0.274,1.573,14.575,0.000,16.148,0,2,0
long-12s,157,0.087,0.872,14.072,0.000,14.944,0,1,0
long-12s,158,0.085,1.538,13.755,0.000,15.294,0,1,0
long-12s,159,0.246,1.785,13.945,0.000,15.730,0,1,0
long-12s,160,0.134,2.905,12.848,0.000,15.753,0,1,0
long-12s,161,0.047,2.002,14.584,0.000,16.586,0,1,0
long-12s,162,0.193,1.573,15.091,0.000,16.664,0,1,0
long-12s,163,0.091,1.811,14.062,0.000,15.873,0,1,0
long-12s,164,0.288,1.196,14.896,0.000,16.092,0,1,0
long-12s,165,0.116,1.342,14.600,0.000,15.941,0,1,0
long-12s,166,0.039,1.766,15.241,0.000,17.007,0,1,0
long-12s,167,0.137,2.081,13.504,0.000,15.585,0,1,0
long-12s,168,0.040,1.806,15.053,0.000,16.860,0,1,0
long-12s,169,0.058,1.835,14.566,0.000,16.401,0,1,0
long-12s,170,0.040,5.176,11.287,0.000,16.463,0,1,0
long-12s,171,0.022,5.238,11.578,0.000,16.816,0,1,0
long-12s,172,0.044,1.927,14.382,0.000,16.309,0,1,0
long-12s,173,0.043,5.159,11.699,0.000,16.858,0,1,0
long-12s,174,0.078,1.379,15.095,0.000,16.473,0,1,0
long-12s,175,0.069,1.969,15.074,0.000,17.043,0,1,0
long-12s,176,0.176,1.491,13.648,0.000,15.139,0,1,0
long-12s,177,0.207,1.900,14.209,0.000,16.109,0,1,0
long-12s,178,0.054,1.929,14.977,0.000,16.906,0,1,0
long-12s,179,0.128,1.534,14.369,0.000,15.902,0,1,0
long-12s,180,0.349,2.190,14.008,0.000,16.198,0,1,0
long-12s,181,0.060,2.402,14.018,0.000,16.420,0,1,0
long-12s,182,0.094,2.095,14.610,0.000,16.705,0,1,0
long-12s,183,0.164,1.896,14.307,0.000,16.203,0,1,0
long-12s,184,0.066,1.927,14.096,0.000,16.022,0,1,0
long-12s,185,0.036,2.365,15.459,0.000,17.824,0,1,0
long-12s,186,0.607,1.856,12.589,0.000,14.445,0,1,0
long-12s,187,0.043,1.448,12.612,0.000,14.060,0,2,0
long-12s,188,0.052,2.422,14.541,0.000,16.962,0,1,0
long-12s,189,0.060,1.927,14.869,0.000,16.796,0,1,0
long-12s,190,0.052,2.019,14.598,0.000,16.616,0,1,0
long-12s,191,0.089,1.899,14.716,0.000,16.615,0,1,0
long-12s,192,0.050,2.132,14.240,0.000,16.372,0,1,0
long-12s,193,0.059,2.183,14.474,0.000,16.656,0,1,0
long-12s,194,0.048,1.757,14.779,0.000,16.537,0,1,0
long-12s,195,0.123,1.490,13.387,0.000,14.877,0,1,0
long-12s,196,0.084,2.420,14.106,0.000,16.526,0,1,0
long-12s,197,0.248,1.888,14.252,0.000,16.140,0,1,0
long-12s,198,0.052,1.930,14.716,0.000,16.646,0,1,0
long-12s,199,0.066,2.191,14.359,0.000,16.550,0,1,0
long-12s,200,0.051,1.970,15.499,0.000,17.469,0,1,0
long-12s,201,0.759,2.255,12.231,0.000,14.486,0,1,0
long-12s,202,0.083,2.282,14.429,0.000,16.712,0,1,0
long-12s,203,0.184,1.997,12.933,0.000,14.930,0,1,0
long-12s,204,0.266,2.456,13.371,0.000,15.827,0,1,0
long-12s,205,0.076,2.090,14.639,0.000,16.728,0,1,0
long-12s,206,0.058,1.838,14.550,0.000,16.388,0,1,0
long-12s,207,0.072,2.188,14.622,0.000,16.810,0,1,0
long-12s,208,0.109,1.938,14.265,0.000,16.203,0,1,0
long-12s,209,0.109,2.149,14.468,0.000,16.617,0,1,0
long-12s,210,0.054,2.160,14.476,0.000,16.635,0,1,0
long-12s,211,0.126,6.884,9.062,0.000,15.946,0,1,0
long-12s,212,0.055,2.099,14.584,0.000,16.683,0,1,0
long-12s,213,0.072,2.298,14.349,0.000,16.648,0,1,0
long-12s,214,0.273,2.118,13.210,0.000,15.329,0,2,0
long-12s,215,0.703,2.490,12.786,0.000,15.276,0,1,0
long-12s,216,0.044,2.165,14.257,0.000,16.422,0,1,0
long-12s,217,0.096,1.453,11.366,0.000,12.819,0,1,0
long-12s,218,0.105,2.053,14.008,0.000,16.061,0,1,0
long-12s,219,0.320,2.006,13.700,0.000,15.705,0,1,0
long-12s,220,0.046,2.243,14.605,0.000,16.848,0,1,0
long-12s,221,0.053,1.908,14.527,0.000,16.435,0,1,0
long-12s,222,0.050,1.791,15.092,0.000,16.884,0,1,0
long-12s,223,0.052,0.805,5.469,0.000,6.275,0,1,0
long-12s,224,0.055,0.723,6.711,0.000,7.434,0,1,0
long-12s,225,0.045,5.452,10.644,0.000,16.096,0,1,0
long-12s,226,0.030,4.587,12.364,0.000,16.952,0,1,0
long-12s,227,0.037,1.833,15.425,0.000,17.258,0,1,0
long-12s,228,0.056,1.729,14.648,0.000,16.377,0,1,0
long-12s,229,0.091,2.119,14.773,0.000,16.892,0,1,0
long-12s,230,0.054,1.819,14.602,0.000,16.421,0,1,0
long-12s,231,0.099,1.910,14.547,0.000,16.457,0,1,0
long-12s,232,0.035,1.482,12.296,0.000,13.778,0,2,0
long-12s,233,0.044,1.888,14.662,0.000,16.550,0,1,0
long-12s,234,0.058,1.960,15.271,0.000,17.231,0,1,0
long-12s,235,0.052,1.768,14.413,0.000,16.181,0,1,0
long-12s,236,0.078,1.991,14.710,0.000,16.701,0,1,0
long-12s,237,0.054,1.882,14.228,0.000,16.111,0,1,0
long-12s,238,0.042,1.925,15.300,0.000,17.225,0,1,0
long-12s,239,0.076,2.067,14.485,0.000,16.552,0,1,0
long-12s,240,0.063,1.831,14.265,0.000,16.096,0,1,0
long-12s,241,0.048,1.980,15.063,0.000,17.043,0,1,0
long-12s,242,0.113,1.643,14.665,0.000,16.307,0,1,0
long-12s,243,0.058,2.043,14.489,0.000,16.532,0,1,0
long-12s,244,0.059,1.721,14.885,0.000,16.606,0,1,0
long-12s,245,0.055,2.171,14.641,0.000,16.812,0,1,0
long-12s,246,0.219,2.626,11.781,0.000,14.407,0,1,0
long-12s,247,0.136,2.631,13.755,0.000,16.387,0,1,0
long-12s,248,0.058,2.118,14.690,0.000,16.808,0,1,0
long-12s,249,0.033,1.561,14.751,0.000,16.312,0,1,0
long-12s,250,0.051,2.362,14.986,0.000,17.349,0,1,0
long-12s,251,0.061,1.859,14.710,0.000,16.569,0,1,0
long-12s,252,0.065,2.007,14.380,0.000,16.387,0,1,0
long-12s,253,0.058,1.995,14.039,0.000,16.034,0,1,0
long-12s,254,0.053,1.910,15.214,0.000,17.124,0,1,0
long-12s,255,0.055,1.925,14.647,0.000,16.572,0,1,0
long-12s,256,0.083,2.753,13.509,0.000,16.262,0,1,0
long-12s,257,0.191,1.955,14.250,0.000,16.205,0,1,0
long-12s,258,0.061,2.264,14.229,0.000,16.492,0,1,0
long-12s,259,0.053,2.040,15.279,0.000,17.319,0,1,0
long-12s,260,0.098,2.211,13.797,0.000,16.008,0,1,0
long-12s,261,0.056,1.773,15.102,0.000,16.875,0,1,0
long-12s,262,0.078,1.793,14.441,0.000,16.234,0,1,0
long-12s,263,0.056,2.248,14.454,0.000,16.701,0,1,0
long-12s,264,0.083,2.804,13.565,0.000,16.369,0,1,0
long-12s,265,0.062,1.904,15.035,0.000,16.938,0,1,0
long-12s,266,0.242,2.484,12.315,0.000,14.799,0,2,0
long-12s,267,0.055,1.957,14.328,0.000,16.285,0,1,0
long-12s,268,0.068,2.028,14.918,0.000,16.945,0,1,0
long-12s,269,0.121,1.893,12.590,0.000,14.483,0,1,0
long-12s,270,0.131,1.536,11.896,0.000,13.431,0,1,0
long-12s,271,0.049,2.071,14.962,0.000,17.032,0,1,0
long-12s,272,0.274,5.916,9.814,0.000,15.730,0,1,0
long-12s,273,0.203,1.441,14.621,0.000,16.061,0,1,0
long-12s,274,0.045,2.056,15.223,0.000,17.279,0,1,0
long-12s,275,0.077,1.853,14.811,0.000,16.664,0,1,0
long-12s,276,0.110,1.875,14.211,0.000,16.085,0,1,0
long-12s,277,0.308,1.545,11.880,0.000,13.425,0,1,0
long-12s,278,0.040,1.904,15.296,0.000,17.199,0,1,0
long-12s,279,0.057,2.191,14.145,0.000,16.336,0,1,0
long-12s,280,0.053,1.925,14.841,0.000,16.766,0,1,0
long-12s,281,0.108,1.767,15.281,0.000,17.048,0,1,0
long-12s,282,0.207,2.937,12.647,0.000,15.584,0,1,0
long-12s,283,0.095,4.924,11.405,0.000,16.329,0,1,0
long-12s,284,0.052,5.264,11.449,0.000,16.713,0,1,0
long-12s,285,0.045,1.944,14.831,0.000,16.774,0,1,0
long-12s,286,0.053,1.825,14.903,0.000,16.729,0,1,0
long-12s,287,0.057,2.085,14.339,0.000,16.424,0,1,0
long-12s,288,0.051,1.854,15.237,0.000,17.092,0,1,0
long-12s,289,0.078,1.886,14.256,0.000,16.142,0,1,0
long-12s,290,0.060,2.015,14.243,0.000,16.258,0,1,0
long-12s,291,0.050,1.991,14.534,0.000,16.525,0,1,0
long-12s,292,0.036,1.962,14.467,0.000,16.429,0,1,0
long-12s,293,0.299,2.043,14.591,0.000,16.633,0,1,0
long-12s,294,0.131,1.484,15.079,0.000,16.563,0,1,0
long-12s,295,0.229,1.554,14.887,0.000,16.441,0,1,0
long-12s,296,0.060,2.146,13.805,0.000,15.952,0,1,0
long-12s,297,0.023,5.121,11.121,0.000,16.242,0,1,0
long-12s,298,0.020,5.078,11.669,0.000,16.747,0,1,0
long-12s,299,0.066,4.469,12.214,0.000,16.683,0,1,0
long-12s,300,0.043,2.166,15.090,0.000,17.255,0,1,0
long-12s,301,0.048,1.452,15.556,0.000,17.008,0,1,0
long-12s,302,0.166,1.760,13.630,0.000,15.390,0,2,0
long-12s,303,0.075,1.809,15.345,0.000,17.154,0,1,0
long-12s,304,0.267,1.904,13.600,0.000,15.503,0,2,0
long-12s,305,0.134,2.098,10.660,0.000,12.757,0,1,0
long-12s,306,0.062,2.980,13.814,0.000,16.794,0,1,0
long-12s,307,0.075,2.293,14.228,0.000,16.521,0,1,0
long-12s,308,0.062,2.489,14.185,0.000,16.674,0,1,0
long-12s,309,0.206,2.323,13.948,0.000,16.271,0,1,0
long-12s,310,0.057,1.922,14.785,0.000,16.706,0,1,0
long-12s,311,0.068,2.271,13.463,0.000,15.734,0,1,0
long-12s,312,0.176,1.710,15.017,0.000,16.727,0,1,0
long-12s,313,0.203,2.150,14.489,0.000,16.639,0,1,0
long-12s,314,0.061,2.711,13.659,0.000,16.370,0,1,0
long-12s,315,0.072,1.955,14.295,0.000,16.251,0,1,0
long-12s,316,0.087,2.538,14.565,0.000,17.103,0,1,0
long-12s,317,0.074,2.249,14.240,0.000,16.489,0,1,0
long-12s,318,0.068,2.454,13.699,0.000,16.153,0,1,0
long-12s,319,0.056,1.825,14.238,0.000,16.064,0,1,0
long-12s,320,0.080,1.898,15.416,0.000,17.314,0,1,0
long-12s,321,0.220,1.962,12.384,0.000,14.345,0,1,0
long-12s,322,0.164,3.332,12.782,0.000,16.114,0,1,0
long-12s,323,0.056,1.781,14.657,0.000,16.438,0,1,0
long-12s,324,0.177,2.605,13.619,0.000,16.224,0,1,0
long-12s,325,0.070,2.737,13.725,0.000,16.462,0,1,0
long-12s,326,0.054,2.069,14.820,0.000,16.889,0,1,0
long-12s,327,0.084,2.574,13.906,0.000,16.480,0,1,0
long-12s,328,0.084,1.989,14.432,0.000,16.421,0,1,0
long-12s,329,0.306,2.143,13.882,0.000,16.025,0,1,0
long-12s,330,0.086,2.055,14.591,0.000,16.647,0,1,0
long-12s,331,0.092,2.289,14.147,0.000,16.436,0,1,0
long-12s,332,0.060,2.520,14.085,0.000,16.605,0,1,0
long-12s,333,0.073,5.492,10.924,0.000,16.415,0,1,0
long-12s,334,0.148,1.898,14.773,0.000,16.671,0,1,0
long-12s,335,0.912,2.544,12.257,0.000,14.801,0,1,0
long-12s,336,0.117,1.692,12.947,0.000,14.639,0,1,0
long-12s,337,0.116,1.200,10.752,0.000,11.951,0,1,0
long-12s,338,0.204,1.520,12.335,0.000,13.856,0,1,0
long-12s,339,0.052,1.655,14.764,0.000,16.418,0,1,0
long-12s,340,0.236,1.902,14.416,0.000,16.318,0,1,0
long-12s,341,0.286,2.586,12.617,0.000,15.203,0,1,0
long-12s,342,0.226,1.823,14.554,0.000,16.377,0,1,0
long-12s,343,0.106,2.162,13.967,0.000,16.129,0,1,0
long-12s,344,0.058,2.098,14.522,0.000,16.620,0,1,0
long-12s,345,0.062,1.931,14.521,0.000,16.452,0,1,0
long-12s,346,0.055,1.918,14.526,0.000,16.444,0,1,0
long-12s,347,0.059,1.899,14.642,0.000,16.541,0,1,0
long-12s,348,0.093,2.337,14.337,0.000,16.674,0,1,0
long-12s,349,0.065,1.746,15.043,0.000,16.788,0,1,0
long-12s,350,0.067,1.857,14.704,0.000,16.560,0,1,0
long-12s,351,0.062,2.376,13.950,0.000,16.326,0,1,0
long-12s,352,0.063,2.331,14.547,0.000,16.878,0,1,0
long-12s,353,0.174,2.966,13.393,0.000,16.359,0,1,0
long-12s,354,0.073,1.783,13.217,0.000,15.000,0,1,0
long-12s,355,0.065,1.871,14.594,0.000,16.465,0,1,0
long-12s,356,0.255,1.941,13.796,0.000,15.737,0,1,0
long-12s,357,0.097,1.493,14.877,0.000,16.370,0,1,0
long-12s,358,0.254,1.927,15.084,0.000,17.011,0,1,0
long-12s,359,0.110,1.658,14.220,0.000,15.878,0,1,0
long-12s,360,0.407,1.648,14.247,0.000,15.895,0,1,0
long-12s,361,0.141,3.018,13.441,0.000,16.458,0,1,0
long-12s,362,0.205,1.999,13.591,0.000,15.590,0,1,0
long-12s,363,0.159,1.535,14.880,0.000,16.416,0,1,0
long-12s,364,0.178,1.936,14.830,0.000,16.765,0,1,0
long-12s,365,0.091,2.652,13.758,0.000,16.410,0,1,0
long-12s,366,0.390,1.863,13.288,0.000,15.150,0,2,0
long-12s,367,0.094,1.478,12.078,0.000,13.556,0,1,0
long-12s,368,0.130,1.444,14.207,0.000,15.651,0,1,0
long-12s,369,0.156,1.780,14.689,0.000,16.470,0,1,0
long-12s,370,0.136,1.794,13.627,0.000,15.421,0,1,0
long-12s,371,0.275,1.812,14.245,0.000,16.056,0,1,0
long-12s,372,0.195,1.963,12.572,0.000,14.535,0,1,0
long-12s,373,0.125,1.792,13.895,0.000,15.687,0,1,0
long-12s,374,0.034,1.757,16.108,0.000,17.865,0,1,0
long-12s,375,0.243,1.555,13.689,0.000,15.244,0,1,0
long-12s,376,0.121,1.670,15.161,0.000,16.831,0,1,0
long-12s,377,0.195,1.574,12.663,0.000,14.236,0,1,0
long-12s,378,0.062,4.965,12.157,0.000,17.122,0,1,0
long-12s,379,0.232,1.428,12.721,0.000,14.149,0,1,0
long-12s,380,0.069,2.251,14.923,0.000,17.174,0,1,0
long-12s,381,0.076,2.323,13.930,0.000,16.253,0,1,0
long-12s,382,0.107,1.553,11.157,0.000,12.710,0,1,0
long-12s,383,0.052,2.408,14.290,0.000,16.698,0,1,0
long-12s,384,0.071,2.008,15.180,0.000,17.188,0,1,0
long-12s,385,0.076,1.953,13.780,0.000,15.733,0,1,0
long-12s,386,0.070,2.193,14.672,0.000,16.865,0,1,0
long-12s,387,0.106,2.155,13.558,0.000,15.713,0,1,0
long-12s,388,0.248,1.453,15.007,0.000,16.460,0,1,0
long-12s,389,0.068,1.557,14.122,0.000,15.679,0,1,0
long-12s,390,0.160,1.536,14.486,0.000,16.022,0,1,0
long-12s,391,0.079,1.905,14.435,0.000,16.340,0,1,0
long-12s,392,0.217,1.737,14.618,0.000,16.355,0,1,0
long-12s,393,0.080,5.343,10.483,0.000,15.826,0,1,0
long-12s,394,0.098,1.357,15.170,0.000,16.527,0,1,0
long-12s,395,0.251,2.252,12.506,0.000,14.758,0,1,0
long-12s,396,0.219,1.577,14.481,0.000,16.058,0,1,0
long-12s,397,0.164,3.012,12.992,0.000,16.004,0,1,0
long-12s,398,0.171,2.201,14.579,0.000,16.781,0,1,0
long-12s,399,0.169,2.141,14.241,0.000,16.382,0,1,0
long-12s,400,0.206,1.872,14.248,0.000,16.120,0,1,0
long-12s,401,0.086,1.979,14.793,0.000,16.773,0,1,0
long-12s,402,0.182,1.947,14.461,0.000,16.408,0,1,0
long-12s,403,0.120,2.266,12.886,0.000,15.152,0,1,0
long-12s,404,0.050,5.164,12.434,0.000,17.599,0,1,0
long-12s,405,0.142,2.199,14.067,0.000,16.265,0,1,0
long-12s,406,0.369,2.049,14.122,0.000,16.171,0,1,0
long-12s,407,0.111,2.258,13.539,0.000,15.797,0,1,0
long-12s,408,0.104,1.521,14.845,0.000,16.366,0,1,0
long-12s,409,0.185,2.199,13.761,0.000,15.960,0,1,0
long-12s,410,0.661,2.551,8.955,0.000,11.506,0,1,0
long-12s,411,0.035,2.148,14.392,0.000,16.540,0,1,0
long-12s,412,0.709,1.371,14.475,0.000,15.846,0,1,0
long-12s,413,0.093,0.938,13.736,0.000,14.674,0,1,0
long-12s,414,0.171,1.959,14.264,0.000,16.222,0,1,0
long-12s,415,0.289,1.297,13.379,0.000,14.676,0,1,0
long-12s,416,0.047,2.298,14.475,0.000,16.773,0,1,0
long-12s,417,0.384,1.901,14.887,0.000,16.788,0,1,0
long-12s,418,0.101,1.869,14.481,0.000,16.349,0,1,0
long-12s,419,0.143,2.354,13.991,0.000,16.345,0,1,0
long-12s,420,0.120,2.356,14.034,0.000,16.391,0,1,0
long-12s,421,0.084,1.987,13.919,0.000,15.906,0,1,0
long-12s,422,0.119,2.155,14.611,0.000,16.766,0,1,0
long-12s,423,0.135,2.180,13.215,0.000,15.395,0,2,0
long-12s,424,0.058,2.284,14.281,0.000,16.565,0,1,0
long-12s,425,0.324,3.636,12.637,0.000,16.273,0,1,0
long-12s,426,0.097,1.725,13.117,0.000,14.841,0,1,0
long-12s,427,0.165,1.601,11.399,0.000,13.001,0,1,0
long-12s,428,0.037,0.787,13.898,0.000,14.685,0,1,0
long-12s,429,0.374,2.026,13.757,0.000,15.783,0,1,0
long-12s,430,0.068,1.519,16.092,0.000,17.610,0,1,0
long-12s,431,0.348,2.327,13.486,0.000,15.813,0,1,0
long-12s,432,0.110,2.110,13.537,0.000,15.647,0,1,0
long-12s,433,0.336,2.600,12.892,0.000,15.492,0,1,0
long-12s,434,0.073,1.674,15.581,0.000,17.255,0,1,0
long-12s,435,0.183,2.309,13.454,0.000,15.763,0,2,0
long-12s,436,0.122,2.417,13.848,0.000,16.265,0,1,0
long-12s,437,0.258,2.670,12.971,0.000,15.641,0,1,0
long-12s,438,0.055,1.793,14.484,0.000,16.277,0,1,0
long-12s,439,0.081,1.130,12.223,0.000,13.353,0,1,0
long-12s,440,0.134,2.111,12.774,0.000,14.886,0,1,0
long-12s,441,0.357,2.267,13.586,0.000,15.853,0,1,0
long-12s,442,0.053,2.457,14.170,0.000,16.628,0,1,0
long-12s,443,0.356,2.230,14.029,0.000,16.260,0,1,0
long-12s,444,0.085,2.264,14.050,0.000,16.313,0,1,0
long-12s,445,0.062,2.230,14.342,0.000,16.572,0,1,0
long-12s,446,0.059,2.256,14.434,0.000,16.691,0,1,0
long-12s,447,0.078,2.496,14.215,0.000,16.712,0,1,0
long-12s,448,0.241,2.381,14.012,0.000,16.394,0,1,0
long-12s,449,0.399,2.110,13.710,0.000,15.820,0,1,0
long-12s,450,0.128,2.275,14.264,0.000,16.540,0,1,0
long-12s,451,0.250,2.182,13.869,0.000,16.051,0,1,0
long-12s,452,0.149,2.822,13.330,0.000,16.153,0,1,0
long-12s,453,0.269,5.384,10.137,0.000,15.522,0,1,0
long-12s,454,0.116,1.909,14.499,0.000,16.408,0,1,0
long-12s,455,0.699,2.066,13.143,0.000,15.209,0,1,0
long-12s,456,0.194,1.738,14.551,0.000,16.289,0,2,0
long-12s,457,0.108,1.618,11.078,0.000,12.696,0,1,0
long-12s,458,0.064,2.526,14.224,0.000,16.750,0,1,0
long-12s,459,0.419,2.533,13.150,0.000,15.683,0,1,0
long-12s,460,0.139,2.650,14.138,0.000,16.788,0,1,0
long-12s,461,0.246,2.396,12.469,0.000,14.865,0,1,0
long-12s,462,0.046,0.565,1.556,0.000,2.122,0,1,0
long-12s,463,0.034,5.530,11.349,0.000,16.879,0,1,0
long-12s,464,0.099,5.175,12.097,0.000,17.271,0,1,0
long-12s,465,0.119,1.479,14.777,0.000,16.256,0,1,0
long-12s,466,0.233,1.872,12.916,0.000,14.788,0,1,0
long-12s,467,0.078,2.333,13.963,0.000,16.295,0,1,0
long-12s,468,0.053,1.918,14.526,0.000,16.444,0,1,0
long-12s,469,0.042,1.710,14.258,0.000,15.968,0,1,0
long-12s,470,0.106,2.164,14.799,0.000,16.963,0,1,0
long-12s,471,0.232,2.522,13.564,0.000,16.086,0,2,0
long-12s,472,0.073,2.348,14.233,0.000,16.581,0,1,0
long-12s,473,0.175,2.653,13.406,0.000,16.059,0,2,0
long-12s,474,0.167,1.915,11.319,0.000,13.234,0,1,0
long-12s,475,0.052,1.987,14.675,0.000,16.662,0,1,0
long-12s,476,0.063,2.079,14.768,0.000,16.847,0,1,0
long-12s,477,0.079,2.205,13.423,0.000,15.628,0,1,0
long-12s,478,0.049,2.268,14.857,0.000,17.125,0,1,0
long-12s,479,0.167,1.917,14.411,0.000,16.327,0,2,0
long-12s,480,0.310,1.845,13.859,0.000,15.704,0,1,0
long-12s,481,0.056,2.065,14.322,0.000,16.387,0,1,0
long-12s,482,0.196,1.851,15.203,0.000,17.054,0,1,0
long-12s,483,0.151,2.823,12.487,0.000,15.311,0,1,0
long-12s,484,0.209,1.575,14.589,0.000,16.165,0,1,0
long-12s,485,0.186,2.125,13.895,0.000,16.020,0,2,0
long-12s,486,0.195,1.427,14.582,0.000,16.009,0,1,0
long-12s,487,0.114,1.982,13.103,0.000,15.086,0,1,0
long-12s,488,0.093,1.747,14.620,0.000,16.367,0,1,0
long-12s,489,0.084,5.143,11.391,0.000,16.534,0,1,0
long-12s,490,0.056,4.822,11.388,0.000,16.210,0,1,0
long-12s,491,0.023,5.427,11.300,0.000,16.726,0,1,0
long-12s,492,0.070,5.053,11.523,0.000,16.575,0,1,0
long-12s,493,0.031,5.164,12.041,0.000,17.206,0,1,0
long-12s,494,0.193,2.405,14.270,0.000,16.676,0,1,0
long-12s,495,0.130,1.945,14.820,0.000,16.766,0,1,0
long-12s,496,0.157,2.881,13.735,0.000,16.615,0,1,0
long-12s,497,0.325,3.271,11.809,0.000,15.080,0,2,0
long-12s,498,0.103,2.123,10.057,0.000,12.180,0,1,0
long-12s,499,0.149,2.549,9.716,0.000,12.265,0,1,0
long-12s,500,0.111,1.601,14.756,0.000,16.357,0,1,0
long-12s,501,0.100,2.442,14.410,0.000,16.851,0,1,0
long-12s,502,0.359,2.404,11.326,0.000,13.730,0,1,0
long-12s,503,0.135,2.003,11.078,0.000,13.081,0,1,0
long-12s,504,0.102,2.078,12.327,0.000,14.405,0,1,0
long-12s,505,0.115,2.170,14.018,0.000,16.188,0,1,0
long-12s,506,0.144,2.415,14.225,0.000,16.640,0,1,0
long-12s,507,0.595,2.738,12.228,0.000,14.966,0,1,0
long-12s,508,0.059,2.346,14.015,0.000,16.362,0,1,0
long-12s,509,0.078,2.622,14.071,0.000,16.693,0,1,0
long-12s,510,0.067,2.861,14.005,0.000,16.865,0,1,0
long-12s,511,0.105,2.918,13.667,0.000,16.585,0,1,0
long-12s,512,0.069,2.978,13.407,0.000,16.385,0,1,0
long-12s,513,0.079,2.419,14.004,0.000,16.423,0,1,0
long-12s,514,0.061,7.830,8.496,0.000,16.326,0,1,0
long-12s,515,0.068,13.857,1.876,0.000,15.733,0,1,0
long-12s,516,0.040,2.330,15.387,0.000,17.717,0,1,0
long-12s,517,0.154,2.985,10.679,0.000,13.664,0,1,0
long-12s,518,0.191,2.660,13.186,0.000,15.846,0,1,0
long-12s,519,0.285,2.210,13.762,0.000,15.972,0,1,0
long-12s,520,0.132,2.312,13.471,0.000,15.783,0,1,0
long-12s,521,0.079,2.714,13.950,0.000,16.664,0,1,0
long-12s,522,0.222,2.314,13.798,0.000,16.113,0,2,0
long-12s,523,0.163,2.526,12.691,0.000,15.217,0,1,0
long-12s,524,0.050,1.799,15.525,0.000,17.324,0,1,0
long-12s,525,0.059,1.941,14.679,0.000,16.620,0,1,0
long-12s,526,0.133,2.742,13.621,0.000,16.363,0,1,0
long-12s,527,0.078,3.406,13.168,0.000,16.574,0,1,0
long-12s,528,0.140,2.356,14.088,0.000,16.444,0,1,0
long-12s,529,0.067,2.709,13.395,0.000,16.104,0,1,0
long-12s,530,0.081,2.629,12.965,0.000,15.594,0,1,0
long-12s,531,0.044,2.175,14.438,0.000,16.612,0,1,0
long-12s,532,0.020,1.027,14.389,0.000,15.416,0,2,0
long-12s,533,0.101,1.828,12.902,0.000,14.730,0,1,0
long-12s,534,0.112,2.171,14.577,0.000,16.748,0,1,0
long-12s,535,0.225,2.175,14.183,0.000,16.358,0,1,0
long-12s,536,0.067,2.840,13.573,0.000,16.413,0,1,0
long-12s,537,0.116,2.836,13.363,0.000,16.199,0,1,0
long-12s,538,0.084,2.597,13.766,0.000,16.363,0,1,0
long-12s,539,0.262,2.765,13.246,0.000,16.011,0,1,0
long-12s,540,0.143,2.871,13.665,0.000,16.536,0,1,0
long-12s,541,0.263,2.896,13.463,0.000,16.359,0,1,0
long-12s,542,0.141,3.045,12.635,0.000,15.680,0,1,0
long-12s,543,0.298,2.239,13.947,0.000,16.186,0,1,0
long-12s,544,0.208,2.696,12.415,0.000,15.111,0,2,0
long-12s,545,0.085,3.101,13.599,0.000,16.700,0,1,0
long-12s,546,0.053,2.705,14.322,0.000,17.027,0,1,0
long-12s,547,1.777,2.681,11.923,0.000,14.603,0,1,0
long-12s,548,0.209,3.091,12.599,0.000,15.689,0,1,0
long-12s,549,0.264,2.409,14.100,0.000,16.509,0,1,0
long-12s,550,0.174,3.076,13.027,0.000,16.103,0,1,0
long-12s,551,0.443,2.642,13.263,0.000,15.905,0,1,0
long-12s,552,0.146,2.331,11.729,0.000,14.060,0,1,0
long-12s,553,0.175,2.502,14.526,0.000,17.028,0,2,0
long-12s,554,0.369,2.979,11.729,0.000,14.708,0,1,0
long-12s,555,0.084,2.135,13.536,0.000,15.672,0,1,0
long-12s,556,0.244,2.780,12.763,0.000,15.542,0,1,0
long-12s,557,0.056,2.234,13.731,0.000,15.965,0,1,0
long-12s,558,0.057,2.439,15.113,0.000,17.552,0,1,0
long-12s,559,0.109,2.879,12.800,0.000,15.680,0,1,0
long-12s,560,0.095,4.391,11.387,0.000,15.778,0,1,0
long-12s,561,0.056,2.175,14.960,0.000,17.134,0,1,0
long-12s,562,0.113,2.040,12.402,0.000,14.442,0,1,0
long-12s,563,0.056,2.078,14.482,0.000,16.559,0,1,0
long-12s,564,0.076,2.655,13.775,0.000,16.430,0,1,0
long-12s,565,0.063,2.677,13.790,0.000,16.468,0,1,0
long-12s,566,0.253,2.234,14.909,0.000,17.143,0,1,0
long-12s,567,0.116,2.447,13.176,0.000,15.622,0,1,0
long-12s,568,0.072,2.353,14.150,0.000,16.503,0,1,0
long-12s,569,0.060,3.000,14.556,0.000,17.556,0,1,0
long-12s,570,0.209,2.235,12.989,0.000,15.224,0,2,0
long-12s,571,0.163,2.898,13.644,0.000,16.543,0,1,0
long-12s,572,0.250,2.950,12.106,0.000,15.056,0,1,0
long-12s,573,0.051,2.667,13.796,0.000,16.462,0,1,0
long-12s,574,0.280,8.164,8.234,0.000,16.398,0,1,0
long-12s,575,0.169,2.943,12.987,0.000,15.930,0,1,0
long-12s,576,0.211,2.588,13.785,0.000,16.373,0,1,0
long-12s,577,0.148,4.575,11.596,0.000,16.171,0,1,0
long-12s,578,0.250,3.064,12.633,0.000,15.697,0,1,0
long-12s,579,0.192,2.411,13.929,0.000,16.340,0,1,0
long-12s,580,0.129,2.785,12.952,0.000,15.737,0,1,0
long-12s,581,0.154,2.239,14.128,0.000,16.367,0,1,0
long-12s,582,0.199,2.996,13.399,0.000,16.395,0,1,0
long-12s,583,0.133,2.979,13.018,0.000,15.997,0,1,0
long-12s,584,0.217,2.230,14.332,0.000,16.563,0,1,0
long-12s,585,0.120,2.630,13.541,0.000,16.170,0,1,0
long-12s,586,0.140,2.810,13.055,0.000,15.864,0,1,0
long-12s,587,0.093,2.185,14.579,0.000,16.763,0,1,0
long-12s,588,0.309,2.538,13.329,0.000,15.867,0,1,0
long-12s,589,0.116,2.846,13.550,0.000,16.396,0,1,0
long-12s,590,0.635,2.757,12.132,0.000,14.889,0,1,0
long-12s,591,0.155,2.636,13.469,0.000,16.105,0,1,0
long-12s,592,0.068,2.451,14.257,0.000,16.708,0,1,0
long-12s,593,0.230,3.638,12.007,0.000,15.645,0,2,0
long-12s,594,0.167,2.511,10.281,0.000,12.792,0,1,0
long-12s,595,0.056,2.306,14.313,0.000,16.618,0,1,0
long-12s,596,0.544,2.803,13.413,0.000,16.216,0,1,0
long-12s,597,0.178,3.308,12.869,0.000,16.176,0,1,0
long-12s,598,0.061,2.339,14.029,0.000,16.368,0,1,0
long-12s,599,0.052,2.317,15.133,0.000,17.449,0,1,0
long-12s,600,0.248,2.609,13.612,0.000,16.221,0,1,0
long-12s,601,0.139,2.839,13.291,0.000,16.129,0,1,0
long-12s,602,0.164,3.015,13.229,0.000,16.244,0,2,0
long-12s,603,0.243,2.523,13.170,0.000,15.694,0,1,0
long-12s,604,0.061,2.782,13.531,0.000,16.313,0,1,0
long-12s,605,0.171,2.580,13.078,0.000,15.658,0,1,0
long-12s,606,0.265,2.796,11.024,0.000,13.820,0,1,0
long-12s,607,0.155,1.902,8.635,0.000,10.537,0,2,0
long-12s,608,0.144,2.393,14.286,0.000,16.679,0,1,0
long-12s,609,0.370,2.864,11.946,0.000,14.810,0,1,0
long-12s,610,0.100,1.960,15.642,0.000,17.602,0,1,0
long-12s,611,0.324,3.255,12.398,0.000,15.653,0,1,0
long-12s,612,0.103,2.529,14.009,0.000,16.538,0,1,0
long-12s,613,0.057,2.295,14.505,0.000,16.800,0,1,0
long-12s,614,0.111,2.840,13.276,0.000,16.116,0,1,0
long-12s,615,0.052,2.062,13.553,0.000,15.615,0,1,0
long-12s,616,0.097,1.858,12.963,0.000,14.820,0,1,0
long-12s,617,0.063,1.946,13.506,0.000,15.452,0,1,0
long-12s,618,0.052,1.908,15.804,0.000,17.711,0,1,0
long-12s,619,0.115,2.276,8.896,0.000,11.171,0,1,0
long-12s,620,0.391,2.760,6.865,0.000,9.625,0,1,0
long-12s,621,0.208,2.381,10.819,0.000,13.200,0,1,0
long-12s,622,0.062,2.335,11.474,0.000,13.809,0,1,0
long-12s,623,0.146,2.758,12.384,0.000,15.142,0,1,0
long-12s,624,0.141,2.275,12.465,0.000,14.739,0,1,0
long-12s,625,0.550,2.844,9.483,0.000,12.327,0,1,0
long-12s,626,0.151,2.740,10.790,0.000,13.530,0,1,0
long-12s,627,0.231,2.523,13.502,0.000,16.025,0,1,0
long-12s,628,0.094,2.318,13.907,0.000,16.225,0,1,0
long-12s,629,0.222,2.261,14.028,0.000,16.289,0,1,0
long-12s,630,0.136,2.421,13.919,0.000,16.340,0,1,0
long-12s,631,0.201,2.603,13.756,0.000,16.359,0,1,0
long-12s,632,0.165,3.226,13.071,0.000,16.297,0,1,0
long-12s,633,0.350,2.728,13.321,0.000,16.049,0,1,0
long-12s,634,0.133,7.873,8.165,0.000,16.038,0,1,0
long-12s,635,0.639,2.984,12.585,0.000,15.569,0,1,0
long-12s,636,0.068,2.904,13.403,0.000,16.307,0,1,0
long-12s,637,0.062,2.196,14.207,0.000,16.403,0,1,0
long-12s,638,0.062,2.787,14.135,0.000,16.922,0,1,0
long-12s,639,0.189,2.584,13.367,0.000,15.951,0,1,0
long-12s,640,0.089,2.652,13.713,0.000,16.365,0,1,0
long-12s,641,0.068,2.201,14.248,0.000,16.448,0,1,0
long-12s,642,0.051,2.161,14.510,0.000,16.672,0,1,0
long-12s,643,0.082,2.575,13.849,0.000,16.424,0,1,0
long-12s,644,0.055,2.075,13.810,0.000,15.885,0,1,0
long-12s,645,0.046,1.876,14.507,0.000,16.383,0,1,0
long-12s,646,0.038,2.066,15.230,0.000,17.296,0,1,0
long-12s,647,0.184,1.890,14.442,0.000,16.332,0,1,0
long-12s,648,0.119,2.835,11.601,0.000,14.436,0,1,0
long-12s,649,0.115,2.556,14.018,0.000,16.574,0,1,0
long-12s,650,0.111,2.321,12.226,0.000,14.547,0,1,0
long-12s,651,0.031,2.649,13.959,0.000,16.608,0,1,0
long-12s,652,0.074,1.784,12.389,0.000,14.173,0,1,0
long-12s,653,0.039,2.178,15.106,0.000,17.284,0,1,0
long-12s,654,0.200,2.087,14.622,0.000,16.709,0,1,0
long-12s,655,0.115,2.107,14.568,0.000,16.675,0,1,0
long-12s,656,0.247,2.418,13.456,0.000,15.875,0,1,0
long-12s,657,0.111,2.599,13.418,0.000,16.017,0,1,0
long-12s,658,0.067,2.282,15.122,0.000,17.404,0,1,0
long-12s,659,0.092,2.210,13.547,0.000,15.757,0,1,0
long-12s,660,0.101,2.284,14.329,0.000,16.613,0,1,0
long-12s,661,0.101,3.124,13.252,0.000,16.376,0,1,0
long-12s,662,0.281,2.834,12.790,0.000,15.624,0,1,0
long-12s,663,0.103,2.260,14.586,0.000,16.846,0,1,0
long-12s,664,0.512,3.170,11.823,0.000,14.992,0,1,0
long-12s,665,0.109,2.843,12.602,0.000,15.445,0,1,0
long-12s,666,0.306,2.561,14.465,0.000,17.026,0,1,0
long-12s,667,0.185,3.060,9.417,0.000,12.478,0,2,0
long-12s,668,0.107,3.175,13.254,0.000,16.428,0,1,0
long-12s,669,0.256,2.623,13.828,0.000,16.451,0,1,0
long-12s,670,0.143,3.152,12.764,0.000,15.915,0,1,0
long-12s,671,0.373,3.481,12.537,0.000,16.018,0,1,0
long-12s,672,0.158,2.426,13.760,0.000,16.186,0,1,0
long-12s,673,0.316,2.941,13.002,0.000,15.943,0,1,0
long-12s,674,0.183,2.967,13.127,0.000,16.095,0,1,0
long-12s,675,0.274,2.657,13.529,0.000,16.186,0,1,0
long-12s,676,0.065,2.589,13.968,0.000,16.557,0,1,0
long-12s,677,0.046,1.951,14.581,0.000,16.532,0,1,0
long-12s,678,0.111,2.585,13.797,0.000,16.382,0,1,0
long-12s,679,0.064,2.434,14.564,0.000,16.998,0,1,0
long-12s,680,0.360,4.020,10.624,0.000,14.644,0,1,0
long-12s,681,0.072,2.539,13.595,0.000,16.134,0,1,0
long-12s,682,0.143,2.554,12.037,0.000,14.590,0,1,0
long-12s,683,0.068,2.719,13.703,0.000,16.422,0,1,0
long-12s,684,0.087,2.740,13.770,0.000,16.511,0,1,0
long-12s,685,0.069,3.429,12.852,0.000,16.281,0,1,0
long-12s,686,0.139,3.070,12.602,0.000,15.671,0,1,0
long-12s,687,0.057,2.782,13.849,0.000,16.632,0,1,0
long-12s,688,0.225,3.573,10.958,0.000,14.531,0,1,0
long-12s,689,0.073,3.624,12.490,0.000,16.114,0,1,0
long-12s,690,0.067,2.835,14.100,0.000,16.935,0,1,0
long-12s,691,0.243,3.266,13.226,0.000,16.492,0,1,0
long-12s,692,0.266,3.164,12.143,0.000,15.307,0,2,0
long-12s,693,0.206,3.690,9.996,0.000,13.686,0,1,0
long-12s,694,0.079,2.964,13.545,0.000,16.509,0,1,0
long-12s,695,0.062,7.368,8.891,0.000,16.259,0,1,0
long-12s,696,0.059,2.357,14.307,0.000,16.664,0,1,0
long-12s,697,0.086,2.765,14.152,0.000,16.916,0,1,0
long-12s,698,0.794,2.271,13.018,0.000,15.289,0,1,0
long-12s,699,0.211,2.863,10.796,0.000,13.660,0,1,0
long-12s,700,0.059,3.229,13.092,0.000,16.321,0,1,0
long-12s,701,0.071,3.379,13.747,0.000,17.127,0,1,0
long-12s,702,0.067,3.288,13.210,0.000,16.498,0,1,0
long-12s,703,0.184,3.077,12.205,0.000,15.282,0,2,0
long-12s,704,0.086,3.067,13.445,0.000,16.511,0,1,0
long-12s,705,0.080,2.814,12.669,0.000,15.483,0,1,0
long-12s,706,0.047,2.115,14.388,0.000,16.504,0,1,0
long-12s,707,0.292,2.305,14.701,0.000,17.006,0,1,0
long-12s,708,0.077,2.216,14.193,0.000,16.408,0,1,0
long-12s,709,0.099,3.600,12.599,0.000,16.199,0,1,0
long-12s,710,0.255,4.222,12.636,0.000,16.858,0,1,0
long-12s,711,0.061,2.397,14.575,0.000,16.972,0,1,0
long-12s,712,0.058,2.969,13.122,0.000,16.091,0,1,0
long-12s,713,0.461,2.473,13.860,0.000,16.333,0,1,0
long-12s,714,0.058,3.119,13.830,0.000,16.949,0,1,0
long-12s,715,0.168,2.910,12.487,0.000,15.398,0,1,0
long-12s,716,0.211,2.910,13.344,0.000,16.253,0,1,0
long-12s,717,0.078,2.279,14.221,0.000,16.500,0,1,0
long-12s,718,0.145,2.578,13.740,0.000,16.319,0,2,0
long-12s,719,0.077,3.390,12.890,0.000,16.280,0,1,0
long-12s,720,0.057,2.471,14.413,0.000,16.884,0,1,0
long-12s,721,0.086,3.495,12.740,0.000,16.235,0,1,0
long-12s,722,0.065,3.443,12.929,0.000,16.371,0,1,0
long-12s,723,13.970,8.172,7.323,0.000,15.494,0,1,0
