scenario,index,input_to_msg_ms,msg_to_present_ms,present_block_ms,present_to_display_ms,total_ms,has_display,points_in_frame,present_count
empty-slow,0,0.896,0.481,0.197,0.000,0.678,0,1,0
empty-slow,1,0.083,7.364,0.183,0.000,7.547,0,2,0
empty-slow,2,0.049,1.337,0.347,0.000,1.683,0,2,0
empty-slow,3,0.024,16.265,0.436,0.000,16.701,0,1,0
empty-slow,4,0.034,15.515,0.335,0.000,15.850,0,1,0
empty-slow,5,0.100,1.488,0.229,0.000,1.717,0,1,0
empty-slow,6,0.044,0.960,0.327,0.000,1.287,0,1,0
empty-slow,7,0.250,1.351,0.354,0.000,1.705,0,1,0
empty-slow,8,0.082,1.546,0.345,0.000,1.891,0,2,0
empty-slow,9,0.140,1.418,0.283,0.000,1.701,0,2,0
empty-slow,10,0.074,1.739,0.387,0.000,2.126,0,1,0
empty-slow,11,0.030,0.998,0.198,0.000,1.196,0,1,0
empty-slow,12,0.029,1.078,0.307,0.000,1.385,0,2,0
empty-slow,13,0.050,0.683,0.365,0.000,1.048,0,2,0
empty-slow,14,0.032,0.874,0.128,0.000,1.002,0,2,0
empty-slow,15,0.028,0.866,0.201,0.000,1.067,0,1,0
empty-slow,16,0.033,0.817,0.160,0.000,0.977,0,1,0
empty-slow,17,0.155,1.146,0.154,0.000,1.300,0,3,0
empty-slow,18,0.029,0.665,0.132,0.000,0.797,0,1,0
empty-slow,19,0.042,1.106,0.279,0.000,1.385,0,1,0
empty-slow,20,0.065,1.223,0.372,0.000,1.595,0,2,0
empty-slow,21,0.035,0.941,0.176,0.000,1.117,0,1,0
empty-slow,22,0.017,16.105,0.154,0.000,16.259,0,1,0
empty-slow,23,0.028,0.747,0.172,0.000,0.919,0,2,0
empty-slow,24,0.206,0.709,0.323,0.000,1.032,0,1,0
empty-slow,25,0.082,16.321,0.240,0.000,16.561,0,1,0
empty-slow,26,0.101,0.634,0.126,0.000,0.760,0,2,0
empty-slow,27,0.023,1.285,0.289,0.000,1.574,0,2,0
empty-slow,28,0.058,0.760,0.168,0.000,0.929,0,2,0
empty-slow,29,0.042,0.931,0.202,0.000,1.133,0,1,0
empty-slow,30,0.043,0.778,0.188,0.000,0.966,0,1,0
empty-slow,31,0.034,0.778,0.167,0.000,0.945,0,2,0
empty-slow,32,0.081,0.957,0.157,0.000,1.114,0,2,0
empty-slow,33,0.042,1.490,0.478,0.000,1.968,0,1,0
empty-slow,34,0.030,0.796,0.232,0.000,1.028,0,1,0
empty-slow,35,0.411,1.002,0.314,0.000,1.316,0,1,0
empty-slow,36,0.039,1.298,0.293,0.000,1.591,0,1,0
empty-slow,37,1.673,14.931,0.313,0.000,15.245,0,1,0
empty-slow,38,0.035,16.178,0.277,0.000,16.455,0,1,0
empty-slow,39,0.319,1.357,0.475,0.000,1.832,0,3,0
empty-slow,40,0.043,1.148,0.279,0.000,1.427,0,2,0
empty-slow,41,0.056,1.294,0.305,0.000,1.599,0,2,0
empty-slow,42,0.154,1.240,0.349,0.000,1.588,0,2,0
empty-slow,43,0.023,0.900,0.198,0.000,1.098,0,2,0
empty-slow,44,0.048,0.587,0.150,0.000,0.736,0,1,0
empty-slow,45,0.020,0.607,0.128,0.000,0.735,0,1,0
empty-slow,46,0.207,0.987,0.171,0.000,1.159,0,3,0
empty-slow,47,0.247,1.478,0.305,0.000,1.783,0,2,0
empty-slow,48,0.092,1.694,0.338,0.000,2.032,0,1,0
empty-slow,49,0.021,13.936,0.173,0.000,14.108,0,1,0
empty-slow,50,0.033,0.789,0.197,0.000,0.986,0,2,0
empty-slow,51,0.035,1.152,0.325,0.000,1.477,0,2,0
empty-slow,52,0.138,1.012,0.186,0.000,1.198,0,3,0
empty-slow,53,0.034,0.902,0.195,0.000,1.097,0,2,0
empty-slow,54,0.258,0.936,0.295,0.000,1.231,0,1,0
empty-slow,55,0.046,1.350,0.336,0.000,1.686,0,1,0
empty-slow,56,0.055,1.202,0.263,0.000,1.465,0,2,0
empty-slow,57,0.059,1.412,0.386,0.000,1.798,0,2,0
empty-slow,58,0.028,0.732,0.236,0.000,0.968,0,1,0
empty-slow,59,0.121,1.110,0.283,0.000,1.393,0,1,0
empty-slow,60,0.100,1.078,0.279,0.000,1.356,0,2,0
empty-slow,61,0.036,1.205,0.250,0.000,1.455,0,2,0
empty-slow,62,0.034,0.912,0.219,0.000,1.131,0,1,0
empty-slow,63,0.040,1.010,0.221,0.000,1.231,0,1,0
empty-slow,64,0.034,1.522,0.268,0.000,1.790,0,1,0
empty-slow,65,0.049,1.147,0.238,0.000,1.385,0,1,0
empty-slow,66,0.049,1.090,0.281,0.000,1.370,0,1,0
empty-slow,67,0.240,1.234,0.228,0.000,1.462,0,3,0
empty-slow,68,0.027,0.872,0.162,0.000,1.034,0,2,0
empty-slow,69,0.037,1.041,0.229,0.000,1.269,0,2,0
empty-slow,70,0.204,1.219,0.253,0.000,1.472,0,2,0
empty-slow,71,0.039,0.996,0.217,0.000,1.213,0,1,0
empty-slow,72,0.024,0.884,0.225,0.000,1.109,0,2,0
empty-slow,73,1.284,16.840,0.256,0.000,17.096,0,1,0
empty-slow,74,0.102,0.925,0.199,0.000,1.125,0,2,0
empty-slow,75,0.033,1.047,0.240,0.000,1.286,0,1,0
empty-slow,76,0.048,1.469,0.531,0.000,2.000,0,2,0
empty-slow,77,0.264,1.186,0.215,0.000,1.401,0,2,0
empty-slow,78,0.053,1.306,0.291,0.000,1.596,0,1,0
empty-slow,79,0.069,1.452,0.307,0.000,1.760,0,1,0
empty-slow,80,0.147,1.992,0.259,0.000,2.252,0,1,0
empty-slow,81,0.020,16.301,0.275,0.000,16.577,0,1,0
empty-slow,82,0.036,1.240,0.292,0.000,1.531,0,2,0
empty-slow,83,0.138,1.272,0.223,0.000,1.495,0,3,0
empty-slow,84,0.034,0.988,0.261,0.000,1.249,0,2,0
empty-slow,85,0.322,0.987,0.189,0.000,1.176,0,1,0
empty-slow,86,0.036,1.168,0.235,0.000,1.403,0,1,0
empty-slow,87,0.141,1.906,0.365,0.000,2.271,0,2,0
empty-slow,88,0.116,1.189,0.200,0.000,1.389,0,2,0
empty-slow,89,0.035,1.183,0.241,0.000,1.424,0,1,0
empty-slow,90,0.038,1.137,0.225,0.000,1.362,0,2,0
empty-slow,91,0.032,1.129,0.207,0.000,1.336,0,2,0
empty-slow,92,0.054,1.339,0.266,0.000,1.604,0,1,0
empty-slow,93,0.164,1.181,0.276,0.000,1.457,0,1,0
empty-slow,94,0.177,1.689,0.378,0.000,2.066,0,3,0
empty-slow,95,0.050,1.572,0.184,0.000,1.756,0,2,0
empty-slow,96,0.102,1.448,0.225,0.000,1.673,0,1,0
empty-slow,97,0.107,1.868,0.242,0.000,2.110,0,1,0
empty-slow,98,0.057,1.147,0.307,0.000,1.454,0,1,0
empty-slow,99,0.124,1.623,0.308,0.000,1.931,0,1,0
empty-slow,100,0.033,1.173,0.237,0.000,1.411,0,1,0
empty-slow,101,0.103,1.356,0.333,0.000,1.689,0,1,0
empty-slow,102,0.036,1.373,0.462,0.000,1.835,0,1,0
empty-slow,103,0.036,14.755,0.263,0.000,15.018,0,1,0
empty-slow,104,0.052,1.714,0.274,0.000,1.987,0,1,0
empty-slow,105,0.051,1.387,0.261,0.000,1.648,0,1,0
empty-slow,106,0.042,1.219,0.318,0.000,1.538,0,2,0
empty-slow,107,0.198,2.271,0.342,0.000,2.613,0,3,0
empty-slow,108,0.217,1.760,0.239,0.000,1.999,0,2,0
empty-slow,109,0.167,2.381,0.773,0.000,3.155,0,2,0
empty-slow,110,0.023,0.912,0.212,0.000,1.123,0,1,0
empty-slow,111,0.201,4.126,0.294,0.000,4.419,0,2,0
empty-slow,112,0.047,1.044,0.197,0.000,1.241,0,1,0
empty-slow,113,0.093,1.649,0.187,0.000,1.836,0,1,0
empty-slow,114,0.153,1.155,0.227,0.000,1.382,0,1,0
empty-slow,115,0.054,1.537,0.294,0.000,1.831,0,1,0
empty-slow,116,0.191,1.131,0.292,0.000,1.423,0,2,0
empty-slow,117,0.042,1.519,0.358,0.000,1.877,0,2,0
empty-slow,118,0.024,0.854,0.208,0.000,1.062,0,2,0
empty-slow,119,0.057,1.269,0.154,0.000,1.423,0,1,0
empty-slow,120,0.027,15.141,0.417,0.000,15.558,0,1,0
empty-slow,121,0.043,17.450,0.342,0.000,17.791,0,1,0
empty-slow,122,0.032,14.874,0.331,0.000,15.206,0,1,0
empty-slow,123,0.034,16.988,0.513,0.000,17.500,0,1,0
empty-slow,124,0.057,1.132,0.174,0.000,1.307,0,1,0
empty-slow,125,0.106,1.454,0.160,0.000,1.614,0,1,0
empty-slow,126,0.038,0.951,0.139,0.000,1.090,0,1,0
empty-slow,127,0.025,0.987,0.279,0.000,1.266,0,1,0
empty-slow,128,2.061,14.328,0.343,0.000,14.671,0,1,0
empty-slow,129,0.032,18.172,0.439,0.000,18.612,0,1,0
empty-slow,130,0.834,7.066,0.192,0.000,7.257,0,2,0
empty-fast,0,0.065,0.432,0.200,0.000,0.632,0,1,0
empty-fast,1,0.143,1.260,0.342,0.000,1.602,0,2,0
empty-fast,2,0.037,16.432,0.409,0.000,16.841,0,1,0
empty-fast,3,0.032,0.811,0.297,0.000,1.108,0,2,0
empty-fast,4,0.050,1.254,0.422,0.000,1.675,0,2,0
empty-fast,5,0.046,0.921,0.296,0.000,1.216,0,2,0
empty-fast,6,0.040,0.861,0.295,0.000,1.155,0,2,0
empty-fast,7,0.157,1.177,0.328,0.000,1.505,0,3,0
empty-fast,8,0.047,0.854,0.194,0.000,1.048,0,1,0
empty-fast,9,0.034,0.918,0.257,0.000,1.175,0,1,0
empty-fast,10,0.039,1.036,0.338,0.000,1.374,0,2,0
empty-fast,11,0.021,0.651,0.188,0.000,0.839,0,2,0
empty-fast,12,0.032,0.765,0.205,0.000,0.970,0,2,0
empty-fast,13,0.018,16.102,0.187,0.000,16.288,0,1,0
empty-fast,14,0.260,0.868,0.369,0.000,1.237,0,3,0
empty-fast,15,0.029,15.244,0.325,0.000,15.568,0,1,0
empty-fast,16,0.037,1.036,0.233,0.000,1.269,0,1,0
empty-fast,17,0.043,1.425,0.342,0.000,1.767,0,1,0
empty-fast,18,14.457,1.472,0.302,0.000,1.774,0,1,0
empty-fast,19,0.024,16.192,0.336,0.000,16.528,0,1,0
empty-fast,20,0.090,1.674,0.379,0.000,2.053,0,2,0
empty-fast,21,0.139,1.577,0.323,0.000,1.899,0,1,0
empty-fast,22,0.023,14.774,0.216,0.000,14.989,0,1,0
empty-fast,23,0.191,1.347,0.400,0.000,1.747,0,2,0
empty-fast,24,0.042,0.982,0.201,0.000,1.183,0,1,0
empty-fast,25,0.034,0.863,0.215,0.000,1.078,0,1,0
empty-fast,26,0.030,15.869,0.264,0.000,16.133,0,1,0
empty-fast,27,0.036,16.532,0.347,0.000,16.879,0,1,0
empty-fast,28,0.156,1.820,0.248,0.000,2.067,0,2,0
empty-fast,29,0.050,1.511,0.265,0.000,1.777,0,2,0
empty-fast,30,0.022,0.790,0.255,0.000,1.045,0,2,0
empty-fast,31,0.028,0.935,0.270,0.000,1.206,0,2,0
empty-fast,32,0.064,0.619,0.166,0.000,0.786,0,2,0
empty-fast,33,0.031,0.679,0.209,0.000,0.888,0,2,0
empty-fast,34,0.030,0.871,0.170,0.000,1.042,0,2,0
empty-fast,35,0.026,0.758,2.631,0.000,3.388,0,1,0
empty-fast,36,0.022,13.411,0.168,0.000,13.578,0,1,0
empty-fast,37,0.170,1.446,0.236,0.000,1.682,0,1,0
empty-fast,38,0.219,0.834,0.201,0.000,1.035,0,2,0
empty-fast,39,0.132,1.673,0.347,0.000,2.020,0,1,0
empty-fast,40,0.032,1.067,0.250,0.000,1.317,0,2,0
empty-fast,41,0.031,0.763,0.256,0.000,1.019,0,2,0
empty-fast,42,0.073,0.845,0.243,0.000,1.087,0,1,0
empty-fast,43,0.032,0.994,0.211,0.000,1.205,0,1,0
empty-fast,44,0.101,0.621,0.136,0.000,0.757,0,2,0
empty-fast,45,0.038,0.863,0.424,0.000,1.287,0,1,0
empty-fast,46,0.031,0.722,0.181,0.000,0.903,0,2,0
empty-fast,47,0.023,0.615,0.137,0.000,0.752,0,2,0
empty-fast,48,0.026,0.990,0.197,0.000,1.187,0,2,0
empty-fast,49,0.055,0.927,0.286,0.000,1.214,0,1,0
empty-fast,50,0.021,17.951,0.366,0.000,18.316,0,1,0
empty-fast,51,0.304,1.570,0.454,0.000,2.024,0,2,0
empty-fast,52,0.190,1.325,0.304,0.000,1.628,0,2,0
empty-fast,53,0.130,2.003,0.310,0.000,2.313,0,1,0
empty-fast,54,11.809,1.041,0.202,0.000,1.243,0,1,0
empty-fast,55,0.021,16.795,0.232,0.000,17.027,0,1,0
empty-fast,56,0.073,4.535,0.174,0.000,4.708,0,2,0
empty-fast,57,0.073,1.061,0.214,0.000,1.275,0,2,0
empty-fast,58,0.039,1.017,0.227,0.000,1.244,0,1,0
empty-fast,59,0.063,1.069,0.242,0.000,1.311,0,2,0
empty-fast,60,0.151,1.283,0.263,0.000,1.547,0,2,0
empty-fast,61,0.037,1.354,0.205,0.000,1.559,0,1,0
empty-fast,62,0.047,1.222,0.265,0.000,1.488,0,1,0
empty-fast,63,0.054,1.312,0.364,0.000,1.675,0,1,0
empty-fast,64,0.179,2.172,0.377,0.000,2.549,0,2,0
empty-fast,65,0.028,0.773,0.195,0.000,0.968,0,1,0
empty-fast,66,0.044,1.387,0.315,0.000,1.702,0,1,0
empty-fast,67,0.213,1.627,0.301,0.000,1.928,0,2,0
empty-fast,68,0.019,14.072,0.221,0.000,14.293,0,1,0
empty-fast,69,0.031,1.171,0.290,0.000,1.461,0,2,0
empty-fast,70,0.042,1.135,0.273,0.000,1.408,0,2,0
empty-fast,71,0.052,1.658,0.326,0.000,1.983,0,2,0
empty-fast,72,0.057,1.592,0.292,0.000,1.884,0,1,0
empty-fast,73,0.031,1.112,0.194,0.000,1.306,0,1,0
empty-fast,74,0.048,1.206,0.416,0.000,1.622,0,1,0
empty-fast,75,0.041,0.862,0.174,0.000,1.036,0,1,0
empty-fast,76,0.041,0.990,0.174,0.000,1.164,0,1,0
empty-fast,77,0.154,1.710,0.249,0.000,1.960,0,1,0
empty-fast,78,0.151,1.446,0.307,0.000,1.753,0,2,0
empty-fast,79,0.026,16.730,0.284,0.000,17.014,0,1,0
empty-fast,80,0.031,14.987,0.204,0.000,15.191,0,1,0
empty-fast,81,0.029,17.214,0.253,0.000,17.468,0,1,0
empty-fast,82,0.061,1.433,0.369,0.000,1.802,0,2,0
empty-fast,83,0.068,1.793,0.339,0.000,2.132,0,1,0
empty-fast,84,0.025,1.055,0.177,0.000,1.232,0,1,0
empty-fast,85,0.025,0.914,0.266,0.000,1.180,0,2,0
empty-fast,86,0.044,1.643,0.199,0.000,1.842,0,1,0
empty-fast,87,0.024,0.741,0.274,0.000,1.015,0,1,0
empty-fast,88,0.082,0.666,0.109,0.000,0.775,0,1,0
empty-fast,89,0.010,16.328,0.288,0.000,16.615,0,1,0
empty-fast,90,0.047,1.048,0.196,0.000,1.244,0,2,0
empty-fast,91,0.250,1.180,0.203,0.000,1.383,0,3,0
empty-fast,92,0.129,1.377,0.276,0.000,1.653,0,1,0
empty-fast,93,0.018,16.846,0.174,0.000,17.020,0,1,0
empty-fast,94,0.127,1.798,0.216,0.000,2.014,0,2,0
empty-fast,95,0.053,1.912,0.334,0.000,2.246,0,1,0
empty-fast,96,0.040,0.930,0.178,0.000,1.109,0,1,0
empty-fast,97,0.047,1.258,0.330,0.000,1.588,0,2,0
empty-fast,98,0.088,1.016,0.192,0.000,1.207,0,1,0
empty-fast,99,0.027,0.957,0.126,0.000,1.083,0,1,0
empty-fast,100,0.025,1.143,0.347,0.000,1.490,0,1,0
empty-fast,101,0.047,0.990,0.214,0.000,1.205,0,1,0
empty-fast,102,0.106,1.182,0.244,0.000,1.426,0,1,0
empty-fast,103,0.028,0.986,0.237,0.000,1.223,0,1,0
empty-fast,104,0.023,14.343,0.241,0.000,14.585,0,1,0
empty-fast,105,0.023,1.380,0.165,0.000,1.545,0,1,0
empty-fast,106,0.165,4.209,0.223,0.000,4.432,0,1,0
empty-fast,107,0.023,12.954,0.162,0.000,13.116,0,1,0
empty-fast,108,0.054,1.817,0.391,0.000,2.209,0,2,0
empty-fast,109,0.124,1.688,0.226,0.000,1.913,0,2,0
empty-fast,110,0.020,14.723,0.156,0.000,14.879,0,1,0
empty-fast,111,0.155,1.123,0.170,0.000,1.293,0,2,0
empty-fast,112,0.033,1.084,0.120,0.000,1.204,0,2,0
empty-fast,113,0.030,0.877,0.230,0.000,1.107,0,1,0
empty-fast,114,0.101,16.866,0.264,0.000,17.130,0,1,0
empty-fast,115,0.038,1.350,0.163,0.000,1.513,0,2,0
empty-fast,116,0.086,1.062,0.321,0.000,1.383,0,2,0
empty-fast,117,0.235,1.425,0.206,0.000,1.631,0,2,0
empty-fast,118,0.012,15.619,0.137,0.000,15.756,0,1,0
empty-fast,119,0.033,1.929,0.183,0.000,2.112,0,2,0
empty-fast,120,0.635,3.925,0.175,0.000,4.099,0,2,0
dense,0,0.156,18.575,0.389,0.000,18.963,0,2,0
dense,1,0.031,0.761,0.188,0.000,0.948,0,2,0
dense,2,0.028,0.955,0.214,0.000,1.169,0,1,0
dense,3,0.033,1.670,0.490,0.000,2.161,0,1,0
dense,4,0.033,14.780,0.197,0.000,14.977,0,1,0
dense,5,0.069,1.172,0.375,0.000,1.547,0,2,0
dense,6,0.026,14.121,0.319,0.000,14.440,0,1,0
dense,7,0.036,17.269,0.313,0.000,17.582,0,1,0
dense,8,0.034,0.900,0.244,0.000,1.144,0,2,0
dense,9,0.047,1.061,0.204,0.000,1.264,0,2,0
dense,10,0.045,0.823,0.156,0.000,0.979,0,1,0
dense,11,0.027,1.685,0.252,0.000,1.937,0,1,0
dense,12,0.034,1.018,0.163,0.000,1.181,0,1,0
dense,13,0.029,0.897,0.210,0.000,1.107,0,1,0
dense,14,0.073,1.425,0.302,0.000,1.727,0,2,0
dense,15,0.033,0.837,0.276,0.000,1.113,0,1,0
dense,16,0.030,1.180,0.159,0.000,1.339,0,2,0
dense,17,1.766,15.882,0.229,0.000,16.110,0,1,0
dense,18,0.029,16.402,0.186,0.000,16.588,0,1,0
dense,19,0.156,0.957,0.191,0.000,1.147,0,2,0
dense,20,0.092,1.087,0.274,0.000,1.361,0,2,0
dense,21,0.037,1.276,0.257,0.000,1.532,0,1,0
dense,22,0.023,1.265,0.188,0.000,1.453,0,1,0
dense,23,0.021,0.833,0.175,0.000,1.008,0,1,0
dense,24,0.043,1.527,0.446,0.000,1.973,0,1,0
dense,25,0.169,1.002,0.129,0.000,1.132,0,1,0
dense,26,0.019,0.837,0.147,0.000,0.984,0,1,0
dense,27,0.052,0.989,0.246,0.000,1.235,0,1,0
dense,28,0.173,1.334,0.302,0.000,1.636,0,2,0
dense,29,0.023,14.331,0.213,0.000,14.545,0,1,0
dense,30,0.048,1.380,0.327,0.000,1.706,0,1,0
dense,31,0.092,0.936,0.149,0.000,1.085,0,1,0
dense,32,0.069,1.357,0.305,0.000,1.661,0,2,0
dense,33,0.020,0.883,0.183,0.000,1.066,0,2,0
dense,34,0.287,0.747,0.162,0.000,0.909,0,1,0
dense,35,0.026,18.074,0.118,0.000,18.192,0,1,0
dense,36,0.055,1.673,0.357,0.000,2.030,0,3,0
dense,37,0.117,1.078,0.197,0.000,1.274,0,3,0
dense,38,0.032,1.088,0.207,0.000,1.294,0,2,0
dense,39,14.164,0.950,0.278,0.000,1.228,0,1,0
dense,40,0.014,22.332,0.246,0.000,22.577,0,1,0
dense,41,0.042,1.733,0.344,0.000,2.076,0,2,0
dense,42,0.031,1.475,0.244,0.000,1.719,0,1,0
dense,43,0.020,0.877,0.157,0.000,1.034,0,1,0
dense,44,0.037,1.133,0.202,0.000,1.335,0,2,0
dense,45,0.558,1.155,0.222,0.000,1.377,0,1,0
dense,46,0.031,1.038,0.187,0.000,1.225,0,1,0
dense,47,0.059,1.576,0.284,0.000,1.860,0,1,0
dense,48,0.052,0.835,0.189,0.000,1.025,0,1,0
dense,49,0.027,1.025,0.198,0.000,1.223,0,2,0
dense,50,0.167,1.455,0.240,0.000,1.694,0,2,0
dense,51,0.026,0.975,0.228,0.000,1.203,0,1,0
dense,52,0.025,0.907,0.157,0.000,1.064,0,1,0
dense,53,0.058,1.701,0.352,0.000,2.053,0,1,0
dense,54,0.033,1.565,0.429,0.000,1.994,0,1,0
dense,55,0.028,0.951,0.172,0.000,1.123,0,2,0
dense,56,0.540,1.616,0.473,0.000,2.088,0,1,0
dense,57,0.033,1.280,0.275,0.000,1.555,0,1,0
dense,58,0.036,1.643,0.365,0.000,2.008,0,1,0
dense,59,0.027,17.926,0.318,0.000,18.244,0,1,0
dense,60,0.032,15.213,0.598,0.000,15.811,0,1,0
dense,61,0.232,1.488,0.308,0.000,1.796,0,1,0
dense,62,0.283,1.154,0.211,0.000,1.364,0,1,0
dense,63,0.014,17.891,0.430,0.000,18.322,0,1,0
dense,64,0.158,1.944,0.245,0.000,2.189,0,2,0
dense,65,0.033,1.370,0.210,0.000,1.580,0,1,0
dense,66,0.017,16.034,0.176,0.000,16.210,0,1,0
dense,67,0.199,1.484,0.225,0.000,1.710,0,3,0
dense,68,0.030,1.065,0.170,0.000,1.235,0,1,0
dense,69,0.050,1.489,0.274,0.000,1.762,0,1,0
dense,70,0.034,1.064,0.273,0.000,1.337,0,1,0
dense,71,0.043,16.873,0.207,0.000,17.080,0,1,0
dense,72,0.031,1.277,0.237,0.000,1.514,0,2,0
dense,73,0.052,1.136,0.257,0.000,1.393,0,2,0
dense,74,0.088,1.812,0.204,0.000,2.016,0,1,0
dense,75,0.017,15.084,0.229,0.000,15.312,0,1,0
dense,76,0.037,1.657,0.368,0.000,2.025,0,2,0
dense,77,14.059,1.296,0.251,0.000,1.547,0,1,0
dense,78,0.021,16.145,0.242,0.000,16.387,0,1,0
dense,79,0.059,1.732,0.334,0.000,2.066,0,2,0
dense,80,0.089,1.535,0.298,0.000,1.833,0,1,0
dense,81,0.636,0.939,0.205,0.000,1.144,0,2,0
dense,82,0.210,1.129,0.230,0.000,1.359,0,1,0
dense,83,0.033,1.344,0.279,0.000,1.622,0,1,0
dense,84,0.117,1.520,0.333,0.000,1.853,0,1,0
dense,85,0.026,0.941,0.187,0.000,1.128,0,1,0
dense,86,0.173,1.198,0.146,0.000,1.344,0,1,0
dense,87,0.056,1.383,0.192,0.000,1.575,0,2,0
dense,88,15.334,1.599,0.179,0.000,1.778,0,1,0
dense,89,0.020,16.368,0.263,0.000,16.630,0,1,0
dense,90,0.044,3.875,0.192,0.000,4.067,0,1,0
dense,91,0.025,13.916,0.175,0.000,14.091,0,1,0
dense,92,0.030,1.147,0.282,0.000,1.429,0,2,0
dense,93,0.032,1.254,0.225,0.000,1.479,0,2,0
dense,94,0.510,1.568,0.266,0.000,1.833,0,1,0
dense,95,0.022,14.483,0.278,0.000,14.761,0,1,0
dense,96,0.051,1.392,0.396,0.000,1.788,0,1,0
dense,97,0.229,1.868,0.275,0.000,2.142,0,1,0
dense,98,0.046,1.316,0.278,0.000,1.593,0,1,0
dense,99,0.056,16.461,0.238,0.000,16.699,0,1,0
dense,100,1.498,16.606,0.362,0.000,16.968,0,1,0
dense,101,0.112,17.789,0.385,0.000,18.174,0,1,0
dense,102,0.033,14.417,0.283,0.000,14.700,0,1,0
dense,103,0.066,17.039,0.375,0.000,17.414,0,1,0
dense,104,0.036,1.180,0.208,0.000,1.388,0,2,0
dense,105,0.070,0.836,0.237,0.000,1.073,0,1,0
dense,106,0.125,1.246,0.205,0.000,1.452,0,2,0
dense,107,0.056,1.928,0.238,0.000,2.166,0,2,0
dense,108,0.055,3.134,0.296,0.000,3.430,0,1,0
dense,109,0.056,13.156,0.174,0.000,13.330,0,1,0
dense,110,0.225,1.703,0.217,0.000,1.920,0,2,0
dense,111,1.652,15.485,0.282,0.000,15.767,0,1,0
dense,112,0.027,17.709,0.242,0.000,17.950,0,1,0
dense,113,0.046,1.893,0.238,0.000,2.130,0,2,0
dense,114,0.031,1.147,0.257,0.000,1.404,0,2,0
dense,115,0.042,1.154,0.171,0.000,1.325,0,2,0
dense,116,0.028,1.343,0.186,0.000,1.529,0,2,0
dense,117,0.032,1.497,0.244,0.000,1.741,0,2,0
dense,118,0.037,1.464,0.505,0.000,1.969,0,2,0
dense,119,0.087,1.293,0.254,0.000,1.546,0,2,0
dense,120,0.029,17.244,0.387,0.000,17.631,0,1,0
dense,121,0.029,1.291,0.373,0.000,1.665,0,1,0
dense,122,0.173,0.898,0.168,0.000,1.066,0,1,0
dense,123,0.024,1.132,0.177,0.000,1.310,0,2,0
dense,124,0.033,1.189,0.186,0.000,1.375,0,2,0
dense,125,0.162,1.491,0.160,0.000,1.651,0,2,0
dense,126,0.052,1.467,0.230,0.000,1.697,0,2,0
dense,127,0.036,1.329,0.210,0.000,1.538,0,3,0
dense,128,0.038,1.272,0.226,0.000,1.497,0,1,0
dense,129,0.032,0.966,0.154,0.000,1.121,0,1,0
dense,130,0.062,14.069,0.172,0.000,14.241,0,1,0
dense,131,0.050,1.790,0.204,0.000,1.995,0,1,0
dense,132,0.082,1.793,0.282,0.000,2.074,0,1,0
dense,133,0.240,2.420,0.259,0.000,2.679,0,2,0
dense,134,0.028,0.953,0.181,0.000,1.133,0,1,0
dense,135,0.034,4.115,0.379,0.000,4.494,0,1,0
dense,136,0.034,1.167,0.159,0.000,1.325,0,2,0
dense,137,0.151,3.327,0.207,0.000,3.534,0,1,0
long-12s,0,0.448,16.686,0.529,0.000,17.215,0,2,0
long-12s,1,0.137,0.849,0.188,0.000,1.037,0,1,0
long-12s,2,0.019,16.162,0.328,0.000,16.490,0,1,0
long-12s,3,0.032,1.033,0.190,0.000,1.224,0,2,0
long-12s,4,0.038,1.158,0.382,0.000,1.539,0,2,0
long-12s,5,0.037,0.882,0.218,0.000,1.100,0,1,0
long-12s,6,0.060,0.929,0.204,0.000,1.133,0,1,0
long-12s,7,0.041,0.857,0.182,0.000,1.039,0,2,0
long-12s,8,0.044,0.530,0.179,0.000,0.709,0,2,0
long-12s,9,0.048,1.096,0.343,0.000,1.438,0,2,0
long-12s,10,0.042,1.077,0.313,0.000,1.390,0,1,0
long-12s,11,0.028,0.751,0.258,0.000,1.008,0,1,0
long-12s,12,0.048,1.197,0.311,0.000,1.508,0,2,0
long-12s,13,0.121,1.042,0.224,0.000,1.266,0,2,0
long-12s,14,0.040,1.366,0.331,0.000,1.697,0,1,0
long-12s,15,0.035,0.936,0.342,0.000,1.278,0,1,0
long-12s,16,0.053,1.341,0.324,0.000,1.665,0,1,0
long-12s,17,0.225,1.611,0.197,0.000,1.808,0,2,0
long-12s,18,0.034,16.477,0.250,0.000,16.727,0,1,0
long-12s,19,0.038,17.933,0.340,0.000,18.272,0,1,0
long-12s,20,1.606,15.876,0.489,0.000,16.365,0,1,0
long-12s,21,0.087,15.361,0.245,0.000,15.607,0,1,0
long-12s,22,0.037,3.842,0.229,0.000,4.071,0,2,0
long-12s,23,0.035,0.889,0.294,0.000,1.183,0,3,0
long-12s,24,0.055,1.406,0.460,0.000,1.866,0,2,0
long-12s,25,13.866,0.688,0.294,0.000,0.982,0,1,0
long-12s,26,0.019,0.689,0.251,0.000,0.940,0,2,0
long-12s,27,0.022,0.729,0.143,0.000,0.873,0,1,0
long-12s,28,0.029,0.661,0.199,0.000,0.860,0,2,0
long-12s,29,0.031,0.842,0.250,0.000,1.092,0,2,0
long-12s,30,0.035,0.626,0.143,0.000,0.769,0,2,0
long-12s,31,0.029,0.578,0.127,0.000,0.705,0,2,0
long-12s,32,0.081,1.040,0.313,0.000,1.353,0,2,0
long-12s,33,0.037,0.843,0.208,0.000,1.051,0,1,0
long-12s,34,0.052,1.694,0.445,0.000,2.139,0,1,0
long-12s,35,0.028,0.965,0.312,0.000,1.277,0,2,0
long-12s,36,0.053,1.061,0.129,0.000,1.190,0,2,0
long-12s,37,0.034,0.610,0.218,0.000,0.828,0,2,0
long-12s,38,1.074,15.634,0.135,0.000,15.769,0,1,0
long-12s,39,0.172,0.706,0.310,0.000,1.016,0,1,0
long-12s,40,0.028,0.790,0.239,0.000,1.028,0,2,0
long-12s,41,1.607,15.705,0.271,0.000,15.977,0,1,0
long-12s,42,0.145,1.451,0.310,0.000,1.761,0,1,0
long-12s,43,0.117,0.860,0.221,0.000,1.081,0,1,0
long-12s,44,0.062,2.318,0.409,0.000,2.727,0,1,0
long-12s,45,0.049,1.252,0.328,0.000,1.579,0,1,0
long-12s,46,0.034,17.842,0.332,0.000,18.174,0,1,0
long-12s,47,0.065,1.214,0.216,0.000,1.430,0,2,0
long-12s,48,0.181,1.605,0.287,0.000,1.891,0,2,0
long-12s,49,0.162,1.171,0.246,0.000,1.417,0,1,0
long-12s,50,0.075,1.362,0.273,0.000,1.635,0,1,0
long-12s,51,1.448,16.541,0.452,0.000,16.993,0,1,0
long-12s,52,0.046,15.704,0.465,0.000,16.168,0,1,0
long-12s,53,0.079,1.592,0.344,0.000,1.936,0,2,0
long-12s,54,0.038,0.967,0.318,0.000,1.285,0,2,0
long-12s,55,0.271,0.830,0.257,0.000,1.088,0,1,0
long-12s,56,0.061,1.511,0.376,0.000,1.888,0,1,0
long-12s,57,0.214,1.259,0.347,0.000,1.606,0,1,0
long-12s,58,0.155,1.396,0.234,0.000,1.630,0,1,0
long-12s,59,0.061,1.195,0.340,0.000,1.535,0,2,0
long-12s,60,0.147,2.207,0.768,0.000,2.976,0,2,0
long-12s,61,12.819,1.099,0.240,0.000,1.339,0,1,0
long-12s,62,0.083,1.249,0.388,0.000,1.637,0,1,0
long-12s,63,0.029,0.615,0.219,0.000,0.834,0,2,0
long-12s,64,0.051,1.447,0.249,0.000,1.695,0,2,0
long-12s,65,0.064,1.105,0.289,0.000,1.394,0,1,0
long-12s,66,0.043,16.977,0.332,0.000,17.309,0,1,0
long-12s,67,0.155,1.577,0.344,0.000,1.921,0,1,0
long-12s,68,0.165,16.904,0.395,0.000,17.299,0,1,0
long-12s,69,0.144,1.256,0.247,0.000,1.503,0,2,0
long-12s,70,1.529,14.977,0.358,0.000,15.335,0,1,0
long-12s,71,0.048,17.173,0.177,0.000,17.350,0,1,0
long-12s,72,0.117,1.671,0.231,0.000,1.901,0,2,0
long-12s,73,14.953,1.688,0.336,0.000,2.023,0,1,0
long-12s,74,0.036,0.944,0.211,0.000,1.155,0,1,0
long-12s,75,0.069,13.937,0.195,0.000,14.132,0,1,0
long-12s,76,0.076,2.058,0.388,0.000,2.446,0,1,0
long-12s,77,0.110,1.479,0.417,0.000,1.896,0,2,0
long-12s,78,0.190,1.486,0.408,0.000,1.894,0,1,0
long-12s,79,0.030,17.348,0.423,0.000,17.771,0,1,0
long-12s,80,0.043,1.140,0.344,0.000,1.483,0,1,0
long-12s,81,0.205,1.485,0.415,0.000,1.900,0,1,0
long-12s,82,0.059,1.620,0.356,0.000,1.976,0,2,0
long-12s,83,0.045,0.947,0.283,0.000,1.230,0,1,0
long-12s,84,0.039,0.876,0.304,0.000,1.180,0,1,0
long-12s,85,0.029,16.185,0.363,0.000,16.548,0,1,0
long-12s,86,0.184,2.005,0.326,0.000,2.331,0,1,0
long-12s,87,0.022,14.745,0.267,0.000,15.012,0,1,0
long-12s,88,0.032,17.270,0.418,0.000,17.688,0,1,0
long-12s,89,1.701,16.207,0.417,0.000,16.624,0,1,0
long-12s,90,0.077,15.853,0.388,0.000,16.241,0,1,0
long-12s,91,1.545,15.825,0.350,0.000,16.175,0,1,0
long-12s,92,0.029,16.846,0.286,0.000,17.131,0,1,0
long-12s,93,0.160,1.196,0.219,0.000,1.416,0,2,0
long-12s,94,0.035,0.933,0.216,0.000,1.148,0,2,0
long-12s,95,0.039,1.415,0.364,0.000,1.779,0,2,0
long-12s,96,0.311,1.449,0.349,0.000,1.798,0,2,0
long-12s,97,0.423,1.318,0.441,0.000,1.759,0,1,0
long-12s,98,0.054,1.274,0.334,0.000,1.608,0,1,0
long-12s,99,0.032,15.866,0.333,0.000,16.199,0,1,0
long-12s,100,0.034,15.954,0.345,0.000,16.299,0,1,0
long-12s,101,0.032,0.822,0.183,0.000,1.005,0,2,0
long-12s,102,0.080,1.027,0.219,0.000,1.246,0,1,0
long-12s,103,0.169,1.195,0.349,0.000,1.545,0,2,0
long-12s,104,1.430,16.095,0.262,0.000,16.357,0,1,0
long-12s,105,0.035,19.806,0.250,0.000,20.056,0,1,0
long-12s,106,4.801,11.996,0.450,0.000,12.446,0,1,0
long-12s,107,0.029,17.901,0.360,0.000,18.261,0,1,0
long-12s,108,0.047,0.979,0.200,0.000,1.179,0,2,0
long-12s,109,0.051,1.137,0.318,0.000,1.455,0,2,0
long-12s,110,0.045,1.264,0.265,0.000,1.530,0,1,0
long-12s,111,0.057,1.309,0.410,0.000,1.719,0,1,0
long-12s,112,0.164,1.088,0.247,0.000,1.335,0,1,0
long-12s,113,0.045,1.313,0.215,0.000,1.528,0,2,0
long-12s,114,0.062,1.518,0.378,0.000,1.896,0,2,0
long-12s,115,0.027,0.848,0.226,0.000,1.074,0,1,0
long-12s,116,0.016,16.254,0.316,0.000,16.569,0,1,0
long-12s,117,0.041,0.973,0.302,0.000,1.275,0,1,0
long-12s,118,0.139,1.546,0.340,0.000,1.885,0,1,0
long-12s,119,0.244,1.359,0.345,0.000,1.704,0,1,0
long-12s,120,0.034,1.268,0.245,0.000,1.512,0,1,0
long-12s,121,0.199,1.771,0.350,0.000,2.121,0,1,0
long-12s,122,0.057,1.209,0.298,0.000,1.507,0,1,0
long-12s,123,0.041,1.179,0.328,0.000,1.506,0,2,0
long-12s,124,14.098,1.016,0.419,0.000,1.435,0,1,0
long-12s,125,0.048,16.131,0.312,0.000,16.443,0,1,0
long-12s,126,0.035,1.032,0.253,0.000,1.284,0,2,0
long-12s,127,0.039,1.145,0.246,0.000,1.391,0,2,0
long-12s,128,0.068,1.452,0.373,0.000,1.825,0,2,0
long-12s,129,0.074,1.870,0.297,0.000,2.167,0,1,0
long-12s,130,0.034,1.169,0.290,0.000,1.460,0,2,0
long-12s,131,0.105,1.512,0.251,0.000,1.763,0,2,0
long-12s,132,0.063,1.200,0.309,0.000,1.509,0,2,0
long-12s,133,0.032,0.820,0.241,0.000,1.062,0,1,0
long-12s,134,0.065,0.873,0.191,0.000,1.064,0,1,0
long-12s,135,0.131,1.202,0.286,0.000,1.489,0,2,0
long-12s,136,0.119,1.121,0.275,0.000,1.395,0,2,0
long-12s,137,0.061,1.465,0.247,0.000,1.712,0,2,0
long-12s,138,0.053,1.670,0.464,0.000,2.134,0,1,0
long-12s,139,0.036,16.306,0.387,0.000,16.693,0,1,0
long-12s,140,0.029,15.767,0.238,0.000,16.004,0,1,0
long-12s,141,0.031,16.315,0.238,0.000,16.553,0,1,0
long-12s,142,0.069,1.210,0.269,0.000,1.478,0,2,0
long-12s,143,0.170,1.911,0.418,0.000,2.329,0,2,0
long-12s,144,0.115,1.319,0.290,0.000,1.608,0,2,0
long-12s,145,0.026,3.121,0.213,0.000,3.335,0,2,0
long-12s,146,0.905,15.932,0.422,0.000,16.354,0,1,0
long-12s,147,0.083,16.809,0.249,0.000,17.058,0,2,0
long-12s,148,0.264,1.244,0.246,0.000,1.489,0,1,0
long-12s,149,0.034,1.039,0.218,0.000,1.257,0,1,0
long-12s,150,0.061,1.214,0.331,0.000,1.545,0,1,0
long-12s,151,0.220,1.468,0.233,0.000,1.702,0,1,0
long-12s,152,0.023,15.356,0.305,0.000,15.661,0,1,0
long-12s,153,0.036,0.946,0.355,0.000,1.301,0,2,0
long-12s,154,0.040,1.289,0.270,0.000,1.559,0,2,0
long-12s,155,0.100,1.232,0.224,0.000,1.456,0,2,0
long-12s,156,0.044,1.178,0.230,0.000,1.408,0,2,0
long-12s,157,0.039,1.289,0.209,0.000,1.498,0,2,0
long-12s,158,0.390,1.047,0.246,0.000,1.292,0,1,0
long-12s,159,0.036,1.098,0.239,0.000,1.337,0,1,0
long-12s,160,0.111,1.386,0.221,0.000,1.607,0,1,0
long-12s,161,0.171,1.341,0.329,0.000,1.669,0,1,0
long-12s,162,1.505,16.412,0.555,0.000,16.966,0,1,0
long-12s,163,0.108,14.227,0.225,0.000,14.452,0,1,0
long-12s,164,0.077,1.268,0.259,0.000,1.527,0,2,0
long-12s,165,0.043,1.258,0.198,0.000,1.456,0,1,0
long-12s,166,0.048,1.108,0.241,0.000,1.349,0,1,0
long-12s,167,1.380,15.974,0.478,0.000,16.452,0,1,0
long-12s,168,0.065,16.165,0.228,0.000,16.393,0,1,0
long-12s,169,0.038,1.157,0.285,0.000,1.442,0,2,0
long-12s,170,0.287,1.293,0.247,0.000,1.540,0,1,0
long-12s,171,0.054,1.428,0.295,0.000,1.723,0,1,0
long-12s,172,14.346,1.080,0.261,0.000,1.341,0,1,0
long-12s,173,0.029,17.080,0.254,0.000,17.334,0,1,0
long-12s,174,0.123,1.181,0.239,0.000,1.420,0,2,0
long-12s,175,0.110,1.276,0.343,0.000,1.620,0,1,0
long-12s,176,0.049,1.251,0.240,0.000,1.491,0,1,0
long-12s,177,0.041,1.191,0.281,0.000,1.471,0,2,0
long-12s,178,0.041,1.113,0.229,0.000,1.342,0,2,0
long-12s,179,0.041,1.681,0.258,0.000,1.939,0,2,0
long-12s,180,0.161,1.522,0.295,0.000,1.817,0,2,0
long-12s,181,0.074,1.075,0.255,0.000,1.330,0,3,0
long-12s,182,0.037,1.127,0.228,0.000,1.355,0,1,0
long-12s,183,0.035,1.241,0.538,0.000,1.779,0,2,0
long-12s,184,0.040,1.286,0.258,0.000,1.545,0,2,0
long-12s,185,0.032,13.291,0.211,0.000,13.503,0,1,0
long-12s,186,0.045,1.445,0.361,0.000,1.805,0,1,0
long-12s,187,13.412,1.079,0.236,0.000,1.315,0,1,0
long-12s,188,0.020,20.664,0.251,0.000,20.915,0,1,0
long-12s,189,0.029,0.895,0.187,0.000,1.082,0,2,0
long-12s,190,0.033,16.092,0.269,0.000,16.361,0,1,0
long-12s,191,0.036,17.187,0.324,0.000,17.511,0,1,0
long-12s,192,0.142,1.721,0.264,0.000,1.984,0,2,0
long-12s,193,0.033,1.063,0.196,0.000,1.259,0,1,0
long-12s,194,0.088,1.235,0.255,0.000,1.489,0,1,0
long-12s,195,0.123,1.537,0.326,0.000,1.863,0,2,0
long-12s,196,0.036,1.119,0.201,0.000,1.320,0,2,0
long-12s,197,0.026,0.866,0.226,0.000,1.092,0,2,0
long-12s,198,0.036,1.056,0.238,0.000,1.295,0,2,0
long-12s,199,1.637,17.558,0.439,0.000,17.997,0,1,0
long-12s,200,0.043,13.402,0.241,0.000,13.643,0,1,0
long-12s,201,0.039,1.907,0.353,0.000,2.259,0,2,0
long-12s,202,0.096,1.391,0.316,0.000,1.707,0,2,0
long-12s,203,14.116,1.258,0.249,0.000,1.507,0,1,0
long-12s,204,0.024,15.576,0.190,0.000,15.765,0,1,0
long-12s,205,0.049,1.365,0.309,0.000,1.674,0,2,0
long-12s,206,0.043,1.267,0.308,0.000,1.575,0,1,0
long-12s,207,0.041,1.505,0.352,0.000,1.858,0,1,0
long-12s,208,0.233,1.458,0.357,0.000,1.815,0,2,0
long-12s,209,0.031,1.784,0.483,0.000,2.267,0,2,0
long-12s,210,14.983,1.149,0.287,0.000,1.437,0,1,0
long-12s,211,0.119,1.201,0.272,0.000,1.473,0,1,0
long-12s,212,0.335,1.310,0.318,0.000,1.628,0,1,0
long-12s,213,0.032,15.479,0.298,0.000,15.777,0,1,0
long-12s,214,0.039,1.228,0.245,0.000,1.474,0,2,0
long-12s,215,0.048,1.321,0.279,0.000,1.600,0,1,0
long-12s,216,0.053,1.231,0.279,0.000,1.510,0,1,0
long-12s,217,0.121,15.527,0.335,0.000,15.862,0,1,0
long-12s,218,1.626,16.350,0.282,0.000,16.632,0,1,0
long-12s,219,0.054,1.352,0.303,0.000,1.655,0,1,0
long-12s,220,0.044,1.540,0.440,0.000,1.980,0,2,0
long-12s,221,1.702,16.572,0.227,0.000,16.799,0,1,0
long-12s,222,0.034,16.345,0.260,0.000,16.604,0,1,0
long-12s,223,0.211,1.929,0.314,0.000,2.243,0,2,0
long-12s,224,0.049,1.613,0.170,0.000,1.783,0,1,0
long-12s,225,0.011,15.603,0.333,0.000,15.936,0,1,0
long-12s,226,2.005,16.643,0.321,0.000,16.964,0,1,0
long-12s,227,0.034,14.414,0.297,0.000,14.710,0,1,0
long-12s,228,0.048,1.502,0.290,0.000,1.792,0,2,0
long-12s,229,0.038,1.430,0.299,0.000,1.729,0,2,0
long-12s,230,0.042,3.937,0.282,0.000,4.218,0,2,0
long-12s,231,0.124,1.264,0.264,0.000,1.528,0,2,0
long-12s,232,0.099,1.765,0.320,0.000,2.085,0,2,0
long-12s,233,0.088,1.213,0.316,0.000,1.528,0,2,0
long-12s,234,0.045,15.129,0.289,0.000,15.418,0,1,0
long-12s,235,0.039,1.061,0.294,0.000,1.354,0,1,0
long-12s,236,1.926,17.501,0.377,0.000,17.878,0,1,0
long-12s,237,0.040,15.088,0.353,0.000,15.441,0,1,0
long-12s,238,0.037,15.673,0.332,0.000,16.005,0,1,0
long-12s,239,0.034,14.589,0.302,0.000,14.891,0,1,0
long-12s,240,0.055,1.668,0.257,0.000,1.924,0,2,0
long-12s,241,0.098,1.963,0.264,0.000,2.227,0,2,0
long-12s,242,0.230,1.643,0.280,0.000,1.923,0,1,0
long-12s,243,0.219,2.054,0.268,0.000,2.322,0,1,0
long-12s,244,0.044,15.719,0.278,0.000,15.997,0,1,0
long-12s,245,0.031,16.435,0.368,0.000,16.803,0,1,0
long-12s,246,0.039,1.283,0.354,0.000,1.636,0,2,0
long-12s,247,0.038,1.223,0.291,0.000,1.514,0,2,0
long-12s,248,0.053,1.185,0.234,0.000,1.420,0,2,0
long-12s,249,0.069,1.737,0.385,0.000,2.121,0,2,0
long-12s,250,0.075,1.403,0.305,0.000,1.708,0,2,0
long-12s,251,0.212,1.565,0.351,0.000,1.917,0,2,0
long-12s,252,0.083,1.802,0.274,0.000,2.076,0,2,0
long-12s,253,0.131,1.557,0.436,0.000,1.993,0,3,0
long-12s,254,0.078,1.436,0.292,0.000,1.727,0,1,0
long-12s,255,0.024,16.862,0.444,0.000,17.305,0,1,0
long-12s,256,14.457,1.650,0.330,0.000,1.980,0,1,0
long-12s,257,0.055,1.348,0.237,0.000,1.585,0,1,0
long-12s,258,0.034,1.555,0.342,0.000,1.897,0,1,0
long-12s,259,0.212,1.560,0.278,0.000,1.839,0,1,0
long-12s,260,0.038,1.123,0.205,0.000,1.329,0,1,0
long-12s,261,0.040,1.303,0.362,0.000,1.666,0,2,0
long-12s,262,0.054,1.784,0.207,0.000,1.992,0,2,0
long-12s,263,0.041,1.074,0.302,0.000,1.376,0,1,0
long-12s,264,0.044,1.189,0.233,0.000,1.421,0,1,0
long-12s,265,0.044,3.915,0.201,0.000,4.115,0,2,0
long-12s,266,0.041,1.131,0.324,0.000,1.455,0,2,0
long-12s,267,0.031,1.372,0.342,0.000,1.714,0,2,0
long-12s,268,0.028,0.741,0.173,0.000,0.914,0,1,0
long-12s,269,0.046,1.744,0.418,0.000,2.162,0,1,0
long-12s,270,16.246,2.145,0.416,0.000,2.561,0,1,0
long-12s,271,0.036,15.324,0.481,0.000,15.804,0,1,0
long-12s,272,0.058,1.703,0.355,0.000,2.058,0,2,0
long-12s,273,0.119,1.415,0.379,0.000,1.793,0,2,0
long-12s,274,0.041,1.505,0.363,0.000,1.868,0,1,0
long-12s,275,0.058,1.827,0.450,0.000,2.277,0,2,0
long-12s,276,0.059,2.338,0.474,0.000,2.812,0,2,0
long-12s,277,0.130,2.105,0.475,0.000,2.580,0,2,0
long-12s,278,14.960,2.922,0.553,0.000,3.475,0,1,0
long-12s,279,0.170,2.138,0.449,0.000,2.586,0,1,0
long-12s,280,0.037,15.965,0.461,0.000,16.426,0,1,0
long-12s,281,0.059,2.061,0.538,0.000,2.599,0,2,0
long-12s,282,0.049,13.706,0.461,0.000,14.167,0,1,0
long-12s,283,0.048,17.640,0.346,0.000,17.986,0,1,0
long-12s,284,0.054,1.825,0.481,0.000,2.306,0,2,0
long-12s,285,0.054,1.942,0.517,0.000,2.459,0,2,0
long-12s,286,0.193,1.980,0.461,0.000,2.441,0,1,0
long-12s,287,0.116,2.085,0.488,0.000,2.572,0,1,0
long-12s,288,0.109,1.964,0.535,0.000,2.499,0,1,0
long-12s,289,0.191,1.855,0.400,0.000,2.255,0,1,0
long-12s,290,0.107,2.043,0.505,0.000,2.548,0,1,0
long-12s,291,0.048,1.652,0.469,0.000,2.121,0,1,0
long-12s,292,13.930,1.644,0.259,0.000,1.903,0,1,0
long-12s,293,0.026,16.882,0.384,0.000,17.266,0,1,0
long-12s,294,0.051,1.879,0.432,0.000,2.311,0,2,0
long-12s,295,14.487,2.183,0.401,0.000,2.584,0,1,0
long-12s,296,0.045,15.098,0.548,0.000,15.646,0,1,0
long-12s,297,2.353,15.949,0.442,0.000,16.391,0,1,0
long-12s,298,0.046,16.543,0.434,0.000,16.977,0,1,0
long-12s,299,0.046,1.894,0.398,0.000,2.292,0,2,0
long-12s,300,0.206,1.810,0.386,0.000,2.196,0,3,0
long-12s,301,2.601,13.562,0.645,0.000,14.207,0,1,0
long-12s,302,0.044,1.414,0.442,0.000,1.857,0,1,0
long-12s,303,0.107,1.538,0.170,0.000,1.708,0,2,0
long-12s,304,0.046,0.862,0.146,0.000,1.008,0,1,0
long-12s,305,0.036,0.978,0.186,0.000,1.164,0,1,0
long-12s,306,0.046,1.732,0.312,0.000,2.043,0,2,0
long-12s,307,0.044,14.484,0.413,0.000,14.897,0,1,0
long-12s,308,0.045,1.648,0.378,0.000,2.026,0,1,0
long-12s,309,0.048,1.560,0.378,0.000,1.938,0,2,0
long-12s,310,0.046,6.267,0.455,0.000,6.722,0,2,0
long-12s,311,0.051,1.889,0.450,0.000,2.339,0,1,0
long-12s,312,0.055,2.075,0.374,0.000,2.449,0,1,0
long-12s,313,0.068,2.220,0.349,0.000,2.569,0,2,0
long-12s,314,0.043,2.182,0.303,0.000,2.485,0,1,0
long-12s,315,0.029,15.539,0.327,0.000,15.866,0,1,0
long-12s,316,0.087,2.039,0.432,0.000,2.471,0,2,0
long-12s,317,0.049,1.850,0.384,0.000,2.234,0,2,0
long-12s,318,0.057,2.245,0.444,0.000,2.689,0,2,0
long-12s,319,0.058,1.792,0.309,0.000,2.100,0,1,0
long-12s,320,0.059,1.764,0.374,0.000,2.138,0,1,0
long-12s,321,0.048,1.763,0.365,0.000,2.128,0,3,0
long-12s,322,0.202,2.075,0.415,0.000,2.490,0,2,0
long-12s,323,0.050,1.974,0.444,0.000,2.418,0,1,0
long-12s,324,0.111,3.664,0.444,0.000,4.107,0,1,0
long-12s,325,0.217,1.946,0.472,0.000,2.418,0,1,0
long-12s,326,0.030,15.466,0.395,0.000,15.861,0,1,0
long-12s,327,0.143,2.421,0.694,0.000,3.115,0,2,0
long-12s,328,0.052,1.975,0.384,0.000,2.359,0,1,0
long-12s,329,0.197,1.996,0.354,0.000,2.349,0,1,0
long-12s,330,0.056,2.027,0.379,0.000,2.406,0,2,0
long-12s,331,0.112,1.691,0.247,0.000,1.938,0,1,0
long-12s,332,0.058,2.083,0.381,0.000,2.464,0,1,0
long-12s,333,0.203,2.394,0.479,0.000,2.873,0,2,0
long-12s,334,0.073,2.186,0.406,0.000,2.592,0,2,0
long-12s,335,0.070,2.144,0.426,0.000,2.570,0,1,0
long-12s,336,0.048,1.797,0.398,0.000,2.195,0,1,0
long-12s,337,0.340,1.919,0.367,0.000,2.285,0,1,0
long-12s,338,0.164,1.748,0.474,0.000,2.222,0,2,0
long-12s,339,0.046,1.896,0.353,0.000,2.249,0,2,0
long-12s,340,0.056,2.025,0.485,0.000,2.510,0,2,0
long-12s,341,0.107,2.073,0.379,0.000,2.452,0,2,0
long-12s,342,0.051,2.084,0.416,0.000,2.500,0,2,0
long-12s,343,0.045,2.080,0.482,0.000,2.562,0,1,0
long-12s,344,0.209,2.201,0.406,0.000,2.607,0,2,0
long-12s,345,0.159,2.528,0.501,0.000,3.029,0,2,0
long-12s,346,0.055,15.941,0.281,0.000,16.222,0,1,0
long-12s,347,1.824,16.451,0.328,0.000,16.779,0,1,0
long-12s,348,0.033,18.400,0.497,0.000,18.897,0,1,0
long-12s,349,0.045,1.775,0.374,0.000,2.149,0,2,0
long-12s,350,0.058,1.977,0.410,0.000,2.388,0,1,0
long-12s,351,0.052,19.782,0.457,0.000,20.238,0,1,0
long-12s,352,0.052,7.924,0.385,0.000,8.309,0,2,0
long-12s,353,0.045,1.606,0.508,0.000,2.115,0,1,0
long-12s,354,0.042,1.721,0.361,0.000,2.082,0,1,0
long-12s,355,0.048,1.922,0.382,0.000,2.304,0,1,0
long-12s,356,0.059,2.324,0.375,0.000,2.699,0,1,0
long-12s,357,0.054,2.294,0.445,0.000,2.739,0,1,0
long-12s,358,0.167,2.284,0.446,0.000,2.730,0,1,0
long-12s,359,0.137,2.203,0.413,0.000,2.615,0,2,0
long-12s,360,2.384,16.957,0.368,0.000,17.325,0,1,0
long-12s,361,0.046,16.195,0.389,0.000,16.584,0,1,0
long-12s,362,0.047,1.794,0.366,0.000,2.160,0,1,0
long-12s,363,0.042,1.722,0.441,0.000,2.162,0,1,0
long-12s,364,0.051,1.933,0.408,0.000,2.341,0,2,0
long-12s,365,0.055,2.259,0.440,0.000,2.700,0,2,0
long-12s,366,0.145,2.661,0.477,0.000,3.138,0,1,0
long-12s,367,0.124,2.527,0.382,0.000,2.909,0,2,0
long-12s,368,0.053,2.211,0.467,0.000,2.678,0,1,0
long-12s,369,0.046,1.943,0.454,0.000,2.396,0,1,0
long-12s,370,0.324,2.581,0.568,0.000,3.149,0,2,0
long-12s,371,0.045,1.967,0.381,0.000,2.349,0,2,0
long-12s,372,0.052,2.026,0.394,0.000,2.420,0,1,0
long-12s,373,0.050,2.105,0.519,0.000,2.624,0,1,0
long-12s,374,0.054,2.006,0.456,0.000,2.461,0,2,0
long-12s,375,0.049,2.481,0.490,0.000,2.971,0,2,0
long-12s,376,0.122,2.049,0.452,0.000,2.501,0,1,0
long-12s,377,0.245,2.764,0.564,0.000,3.327,0,2,0
long-12s,378,0.052,2.099,0.505,0.000,2.604,0,1,0
long-12s,379,0.040,14.823,0.436,0.000,15.259,0,1,0
long-12s,380,0.063,2.249,0.533,0.000,2.782,0,1,0
long-12s,381,0.057,2.216,0.392,0.000,2.608,0,1,0
long-12s,382,13.659,2.105,0.371,0.000,2.477,0,1,0
long-12s,383,0.036,16.547,0.481,0.000,17.028,0,1,0
long-12s,384,0.050,1.879,0.408,0.000,2.287,0,2,0
long-12s,385,0.264,2.320,0.509,0.000,2.829,0,2,0
long-12s,386,0.221,2.200,0.505,0.000,2.705,0,1,0
long-12s,387,14.034,2.671,0.555,0.000,3.226,0,1,0
long-12s,388,0.045,13.233,0.538,0.000,13.772,0,1,0
long-12s,389,0.061,4.656,0.563,0.000,5.219,0,1,0
long-12s,390,0.049,2.112,0.474,0.000,2.586,0,2,0
long-12s,391,0.216,3.315,0.662,0.000,3.977,0,3,0
long-12s,392,0.042,1.705,0.333,0.000,2.038,0,2,0
long-12s,393,0.047,1.957,0.316,0.000,2.273,0,2,0
long-12s,394,0.066,2.444,0.453,0.000,2.897,0,2,0
long-12s,395,0.053,8.498,0.472,0.000,8.970,0,2,0
long-12s,396,0.042,1.850,0.398,0.000,2.248,0,2,0
long-12s,397,0.165,14.573,0.446,0.000,15.019,0,1,0
long-12s,398,0.262,2.361,0.444,0.000,2.804,0,1,0
long-12s,399,0.080,2.088,0.434,0.000,2.522,0,2,0
long-12s,400,2.491,16.018,0.370,0.000,16.389,0,1,0
long-12s,401,0.142,2.119,0.481,0.000,2.600,0,1,0
long-12s,402,3.026,14.572,0.360,0.000,14.932,0,1,0
long-12s,403,0.046,16.046,0.438,0.000,16.484,0,1,0
long-12s,404,0.124,1.964,0.474,0.000,2.438,0,2,0
long-12s,405,0.050,2.243,0.537,0.000,2.780,0,2,0
long-12s,406,0.691,3.062,0.849,0.000,3.912,0,1,0
long-12s,407,0.041,13.962,0.400,0.000,14.361,0,1,0
long-12s,408,2.546,15.699,0.483,0.000,16.181,0,1,0
long-12s,409,0.050,16.457,0.433,0.000,16.891,0,1,0
long-12s,410,0.051,16.043,0.530,0.000,16.573,0,1,0
long-12s,411,0.054,14.065,0.377,0.000,14.441,0,1,0
long-12s,412,0.055,2.446,0.433,0.000,2.879,0,2,0
long-12s,413,0.176,2.346,0.530,0.000,2.877,0,2,0
long-12s,414,0.048,2.279,0.448,0.000,2.727,0,2,0
long-12s,415,0.060,1.797,0.388,0.000,2.184,0,2,0
long-12s,416,2.780,15.138,0.474,0.000,15.612,0,1,0
long-12s,417,0.052,16.228,0.424,0.000,16.652,0,1,0
long-12s,418,0.048,16.271,0.363,0.000,16.634,0,1,0
long-12s,419,0.072,2.369,0.395,0.000,2.764,0,1,0
long-12s,420,0.122,2.796,0.450,0.000,3.247,0,1,0
long-12s,421,12.879,2.224,0.390,0.000,2.614,0,1,0
long-12s,422,0.046,15.360,0.492,0.000,15.852,0,1,0
long-12s,423,2.437,16.449,0.501,0.000,16.950,0,1,0
long-12s,424,0.055,17.191,0.480,0.000,17.671,0,1,0
long-12s,425,0.046,2.285,0.487,0.000,2.772,0,2,0
long-12s,426,0.064,2.169,0.499,0.000,2.668,0,2,0
long-12s,427,0.061,2.044,0.433,0.000,2.477,0,2,0
long-12s,428,0.168,2.708,0.789,0.000,3.496,0,1,0
long-12s,429,0.122,4.966,0.450,0.000,5.416,0,1,0
long-12s,430,0.051,2.430,0.500,0.000,2.930,0,2,0
long-12s,431,14.532,2.387,0.442,0.000,2.828,0,1,0
long-12s,432,0.040,15.629,0.480,0.000,16.109,0,1,0
long-12s,433,0.198,2.038,0.403,0.000,2.441,0,3,0
long-12s,434,2.819,15.900,0.378,0.000,16.278,0,1,0
long-12s,435,0.049,2.129,0.473,0.000,2.603,0,1,0
long-12s,436,0.061,6.956,0.449,0.000,7.405,0,2,0
long-12s,437,0.053,2.170,0.520,0.000,2.690,0,1,0
long-12s,438,0.055,2.306,0.434,0.000,2.740,0,1,0
long-12s,439,0.116,2.165,0.391,0.000,2.556,0,1,0
long-12s,440,0.174,2.418,0.489,0.000,2.907,0,1,0
long-12s,441,2.633,15.953,0.378,0.000,16.331,0,1,0
long-12s,442,0.045,16.175,0.472,0.000,16.647,0,1,0
long-12s,443,0.050,2.693,0.723,0.000,3.416,0,2,0
long-12s,444,0.059,2.432,0.644,0.000,3.076,0,1,0
long-12s,445,0.067,1.716,0.414,0.000,2.130,0,1,0
long-12s,446,0.046,1.960,0.474,0.000,2.434,0,1,0
long-12s,447,3.032,17.294,0.491,0.000,17.786,0,1,0
long-12s,448,0.048,15.332,0.412,0.000,15.745,0,1,0
long-12s,449,0.159,2.244,0.356,0.000,2.600,0,1,0
long-12s,450,0.117,3.492,0.523,0.000,4.015,0,1,0
long-12s,451,0.198,2.186,0.398,0.000,2.583,0,2,0
long-12s,452,0.273,2.454,0.377,0.000,2.832,0,1,0
long-12s,453,0.056,2.461,0.546,0.000,3.007,0,1,0
long-12s,454,0.053,2.490,0.424,0.000,2.915,0,2,0
long-12s,455,0.118,2.282,0.394,0.000,2.676,0,2,0
long-12s,456,0.054,1.996,0.383,0.000,2.379,0,1,0
long-12s,457,0.089,2.474,0.525,0.000,2.999,0,1,0
long-12s,458,0.186,2.546,0.438,0.000,2.984,0,2,0
long-12s,459,0.054,1.965,0.425,0.000,2.390,0,1,0
long-12s,460,0.300,14.811,0.365,0.000,15.176,0,1,0
long-12s,461,0.052,2.406,0.385,0.000,2.790,0,1,0
long-12s,462,0.068,2.549,0.464,0.000,3.013,0,1,0
long-12s,463,0.053,1.619,0.176,0.000,1.795,0,1,0
long-12s,464,0.058,2.183,0.525,0.000,2.709,0,2,0
long-12s,465,0.197,2.658,0.688,0.000,3.346,0,2,0
long-12s,466,0.053,2.106,0.384,0.000,2.490,0,1,0
long-12s,467,0.062,2.492,0.555,0.000,3.046,0,1,0
long-12s,468,0.046,2.323,0.441,0.000,2.764,0,2,0
long-12s,469,0.370,2.025,0.381,0.000,2.406,0,1,0
long-12s,470,0.038,14.982,0.520,0.000,15.502,0,1,0
long-12s,471,0.112,2.330,0.442,0.000,2.772,0,1,0
long-12s,472,0.048,2.209,0.433,0.000,2.642,0,1,0
long-12s,473,14.170,2.051,0.397,0.000,2.448,0,1,0
long-12s,474,0.041,14.755,0.435,0.000,15.190,0,1,0
long-12s,475,0.037,1.873,0.311,0.000,2.184,0,2,0
long-12s,476,0.024,1.208,0.319,0.000,1.527,0,2,0
long-12s,477,0.151,2.450,0.439,0.000,2.889,0,2,0
long-12s,478,0.048,1.986,0.363,0.000,2.348,0,2,0
long-12s,479,0.162,6.799,0.449,0.000,7.248,0,1,0
long-12s,480,0.046,2.158,0.382,0.000,2.539,0,1,0
long-12s,481,1.191,3.040,0.615,0.000,3.655,0,1,0
long-12s,482,0.132,2.112,0.449,0.000,2.561,0,1,0
long-12s,483,0.235,2.567,0.281,0.000,2.848,0,1,0
long-12s,484,0.056,2.363,0.395,0.000,2.758,0,1,0
long-12s,485,0.051,2.299,0.434,0.000,2.733,0,1,0
long-12s,486,0.041,2.110,0.438,0.000,2.549,0,1,0
long-12s,487,0.048,15.267,0.406,0.000,15.673,0,1,0
long-12s,488,0.045,16.895,0.617,0.000,17.511,0,1,0
long-12s,489,0.053,2.393,0.525,0.000,2.918,0,2,0
long-12s,490,0.057,2.728,0.493,0.000,3.222,0,2,0
long-12s,491,0.054,3.041,0.510,0.000,3.551,0,2,0
long-12s,492,0.068,2.413,0.506,0.000,2.920,0,2,0
long-12s,493,0.049,2.574,0.520,0.000,3.094,0,2,0
long-12s,494,0.051,2.497,0.410,0.000,2.907,0,2,0
long-12s,495,13.520,2.702,0.662,0.000,3.364,0,1,0
long-12s,496,1.526,6.566,0.375,0.000,6.941,0,1,0
empty-slow,0,1.177,0.576,0.232,0.000,0.807,0,1,0
empty-slow,1,1.739,20.326,0.179,0.000,20.505,0,1,0
empty-slow,2,0.021,13.123,0.429,0.000,13.552,0,1,0
empty-slow,3,0.053,0.987,0.358,0.000,1.345,0,2,0
empty-slow,4,0.048,0.934,0.488,0.000,1.422,0,1,0
empty-slow,5,0.142,15.600,0.268,0.000,15.868,0,1,0
empty-slow,6,0.169,1.128,0.292,0.000,1.420,0,2,0
empty-slow,7,0.175,1.048,0.240,0.000,1.288,0,2,0
empty-slow,8,0.037,16.084,0.341,0.000,16.425,0,1,0
empty-slow,9,0.056,1.066,0.302,0.000,1.368,0,1,0
empty-slow,10,0.169,1.302,0.264,0.000,1.566,0,2,0
empty-slow,11,0.020,15.242,0.370,0.000,15.611,0,1,0
empty-slow,12,0.049,1.190,0.310,0.000,1.500,0,2,0
empty-slow,13,0.062,1.142,0.346,0.000,1.488,0,2,0
empty-slow,14,0.024,0.983,0.323,0.000,1.306,0,3,0
empty-slow,15,0.014,14.131,0.314,0.000,14.445,0,1,0
empty-slow,16,0.055,1.229,0.358,0.000,1.587,0,2,0
empty-slow,17,0.155,1.180,0.442,0.000,1.622,0,2,0
empty-slow,18,0.086,1.054,0.234,0.000,1.288,0,2,0
empty-slow,19,0.036,0.971,0.230,0.000,1.200,0,2,0
empty-slow,20,0.064,1.557,0.354,0.000,1.911,0,2,0
empty-slow,21,0.191,0.795,0.221,0.000,1.016,0,3,0
empty-slow,22,15.752,1.088,0.262,0.000,1.349,0,1,0
empty-slow,23,0.223,0.918,0.311,0.000,1.229,0,2,0
empty-slow,24,0.034,0.857,0.234,0.000,1.091,0,1,0
empty-slow,25,0.058,1.210,0.301,0.000,1.512,0,2,0
empty-slow,26,0.029,17.500,0.188,0.000,17.688,0,1,0
empty-slow,27,0.028,13.261,0.213,0.000,13.475,0,1,0
empty-slow,28,0.103,1.125,0.388,0.000,1.512,0,3,0
empty-slow,29,0.042,1.059,0.292,0.000,1.351,0,2,0
empty-slow,30,1.320,15.625,0.365,0.000,15.991,0,1,0
empty-slow,31,0.028,0.650,0.407,0.000,1.056,0,1,0
empty-slow,32,0.044,1.010,0.265,0.000,1.276,0,2,0
empty-slow,33,0.199,1.103,0.264,0.000,1.366,0,1,0
empty-slow,34,0.150,1.228,0.253,0.000,1.481,0,1,0
empty-slow,35,0.111,1.357,0.261,0.000,1.618,0,2,0
empty-slow,36,0.020,16.255,0.244,0.000,16.498,0,1,0
empty-slow,37,0.043,0.893,0.369,0.000,1.262,0,2,0
empty-slow,38,0.077,1.481,0.405,0.000,1.886,0,2,0
empty-slow,39,0.046,1.107,0.241,0.000,1.347,0,1,0
empty-slow,40,0.040,1.024,0.313,0.000,1.337,0,1,0
empty-slow,41,0.044,1.278,0.272,0.000,1.549,0,2,0
empty-slow,42,0.120,1.229,0.273,0.000,1.501,0,3,0
empty-slow,43,0.292,1.600,0.306,0.000,1.906,0,1,0
empty-slow,44,0.043,1.202,0.364,0.000,1.567,0,1,0
empty-slow,45,0.069,1.224,0.269,0.000,1.492,0,2,0
empty-slow,46,0.042,1.356,0.283,0.000,1.639,0,2,0
empty-slow,47,0.055,1.131,0.228,0.000,1.359,0,2,0
empty-slow,48,0.029,0.827,0.162,0.000,0.990,0,2,0
empty-slow,49,0.040,1.585,0.279,0.000,1.864,0,2,0
empty-slow,50,0.020,0.976,0.113,0.000,1.089,0,2,0
empty-slow,51,0.024,1.096,0.266,0.000,1.361,0,2,0
empty-slow,52,0.034,1.072,0.313,0.000,1.385,0,1,0
empty-slow,53,0.036,1.169,0.241,0.000,1.411,0,1,0
empty-slow,54,0.222,12.429,0.322,0.000,12.751,0,2,0
empty-slow,55,0.198,18.174,0.287,0.000,18.460,0,2,0
empty-slow,56,0.049,1.296,0.473,0.000,1.769,0,2,0
empty-slow,57,0.124,1.097,0.198,0.000,1.295,0,2,0
empty-slow,58,0.015,16.770,0.314,0.000,17.084,0,1,0
empty-slow,59,0.040,1.179,0.261,0.000,1.440,0,2,0
empty-slow,60,0.052,1.503,0.390,0.000,1.893,0,2,0
empty-slow,61,0.094,1.105,0.354,0.000,1.460,0,2,0
empty-slow,62,0.042,1.547,0.263,0.000,1.810,0,1,0
empty-slow,63,0.126,1.235,0.346,0.000,1.581,0,2,0
empty-slow,64,0.152,1.210,0.279,0.000,1.489,0,2,0
empty-slow,65,0.042,1.072,0.251,0.000,1.324,0,2,0
empty-slow,66,0.035,1.036,0.293,0.000,1.329,0,1,0
empty-slow,67,0.126,1.545,0.205,0.000,1.750,0,1,0
empty-slow,68,0.041,1.265,0.224,0.000,1.489,0,2,0
empty-slow,69,0.038,1.106,0.275,0.000,1.381,0,2,0
empty-slow,70,1.514,15.500,0.351,0.000,15.851,0,1,0
empty-slow,71,0.033,17.452,0.311,0.000,17.764,0,1,0
empty-slow,72,1.542,15.426,0.243,0.000,15.668,0,1,0
empty-slow,73,0.149,1.198,0.275,0.000,1.473,0,2,0
empty-slow,74,0.042,1.108,0.220,0.000,1.328,0,1,0
empty-slow,75,0.183,1.155,0.186,0.000,1.341,0,3,0
empty-slow,76,0.039,1.252,0.413,0.000,1.664,0,2,0
empty-slow,77,0.043,1.270,0.292,0.000,1.562,0,2,0
empty-slow,78,0.037,1.186,0.251,0.000,1.437,0,2,0
empty-slow,79,0.055,1.476,0.439,0.000,1.915,0,1,0
empty-slow,80,0.034,17.057,0.419,0.000,17.477,0,1,0
empty-slow,81,1.896,16.422,0.276,0.000,16.697,0,1,0
empty-slow,82,0.252,1.025,0.297,0.000,1.322,0,2,0
empty-slow,83,0.052,1.511,0.416,0.000,1.927,0,1,0
empty-slow,84,0.123,1.538,0.306,0.000,1.844,0,2,0
empty-slow,85,0.162,1.198,0.274,0.000,1.471,0,1,0
empty-slow,86,0.045,14.720,0.309,0.000,15.029,0,1,0
empty-slow,87,0.035,1.120,0.235,0.000,1.355,0,2,0
empty-slow,88,0.112,1.477,0.207,0.000,1.685,0,2,0
empty-slow,89,0.044,1.596,0.222,0.000,1.817,0,1,0
empty-slow,90,0.045,1.489,0.370,0.000,1.860,0,1,0
empty-slow,91,0.062,1.527,0.322,0.000,1.849,0,2,0
empty-slow,92,0.037,1.342,0.372,0.000,1.714,0,2,0
empty-slow,93,0.041,1.295,0.285,0.000,1.580,0,1,0
empty-slow,94,0.048,15.292,0.179,0.000,15.471,0,1,0
empty-slow,95,0.030,0.730,0.166,0.000,0.895,0,2,0
empty-slow,96,0.018,0.876,0.179,0.000,1.054,0,2,0
empty-slow,97,0.038,1.450,0.412,0.000,1.862,0,2,0
empty-slow,98,13.749,1.902,0.286,0.000,2.188,0,1,0
empty-slow,99,0.026,17.040,0.469,0.000,17.509,0,1,0
empty-slow,100,0.071,1.609,0.320,0.000,1.928,0,2,0
empty-slow,101,0.143,1.561,0.350,0.000,1.911,0,3,0
empty-slow,102,0.042,1.665,0.370,0.000,2.035,0,1,0
empty-slow,103,0.079,1.531,0.328,0.000,1.859,0,2,0
empty-slow,104,0.136,1.703,0.371,0.000,2.074,0,1,0
empty-slow,105,0.044,1.381,0.291,0.000,1.672,0,1,0
empty-slow,106,0.050,4.970,0.217,0.000,5.186,0,2,0
empty-slow,107,0.034,1.232,0.421,0.000,1.653,0,1,0
empty-slow,108,0.047,1.557,0.308,0.000,1.865,0,1,0
empty-slow,109,0.171,1.491,0.268,0.000,1.759,0,2,0
empty-slow,110,0.043,1.520,0.338,0.000,1.858,0,1,0
empty-slow,111,0.048,1.936,0.374,0.000,2.310,0,1,0
empty-slow,112,0.036,1.236,0.367,0.000,1.603,0,2,0
empty-slow,113,0.230,1.062,0.266,0.000,1.327,0,1,0
empty-slow,114,0.042,1.038,0.270,0.000,1.307,0,1,0
empty-slow,115,0.166,1.454,0.383,0.000,1.837,0,2,0
empty-slow,116,0.037,1.180,0.230,0.000,1.410,0,2,0
empty-slow,117,0.040,1.148,0.162,0.000,1.310,0,2,0
empty-slow,118,0.035,1.102,0.331,0.000,1.433,0,1,0
empty-slow,119,0.027,17.317,0.286,0.000,17.603,0,1,0
empty-slow,120,0.055,1.627,0.326,0.000,1.953,0,2,0
empty-slow,121,0.098,1.253,0.357,0.000,1.611,0,2,0
empty-slow,122,1.008,5.949,0.252,0.000,6.201,0,1,0
empty-fast,0,0.057,0.568,0.222,0.000,0.790,0,1,0
empty-fast,1,0.145,16.343,0.247,0.000,16.590,0,1,0
empty-fast,2,0.019,0.566,0.132,0.000,0.698,0,2,0
empty-fast,3,0.019,0.534,0.184,0.000,0.718,0,2,0
empty-fast,4,0.032,0.748,0.427,0.000,1.175,0,2,0
empty-fast,5,0.024,0.907,0.181,0.000,1.088,0,1,0
empty-fast,6,0.021,0.692,0.217,0.000,0.909,0,1,0
empty-fast,7,0.020,0.733,0.286,0.000,1.019,0,1,0
empty-fast,8,0.029,0.785,0.371,0.000,1.156,0,2,0
empty-fast,9,0.023,3.466,0.192,0.000,3.658,0,2,0
empty-fast,10,0.017,0.538,0.163,0.000,0.702,0,2,0
empty-fast,11,0.028,0.718,0.277,0.000,0.995,0,1,0
empty-fast,12,0.052,0.868,0.247,0.000,1.114,0,1,0
empty-fast,13,0.032,0.888,0.329,0.000,1.217,0,1,0
empty-fast,14,0.035,0.729,0.268,0.000,0.997,0,1,0
empty-fast,15,0.045,1.101,0.208,0.000,1.308,0,2,0
empty-fast,16,0.151,0.586,0.154,0.000,0.741,0,1,0
empty-fast,17,0.033,0.896,0.356,0.000,1.252,0,1,0
empty-fast,18,0.032,0.904,0.232,0.000,1.136,0,2,0
empty-fast,19,0.039,1.022,0.307,0.000,1.330,0,2,0
empty-fast,20,0.043,0.567,0.245,0.000,0.812,0,1,0
empty-fast,21,0.135,16.759,0.202,0.000,16.961,0,1,0
empty-fast,22,0.029,0.717,2.167,0.000,2.884,0,2,0
empty-fast,23,0.031,0.817,0.207,0.000,1.024,0,2,0
empty-fast,24,0.030,0.899,0.314,0.000,1.214,0,2,0
empty-fast,25,0.031,0.827,0.328,0.000,1.155,0,1,0
empty-fast,26,0.073,1.173,0.315,0.000,1.488,0,1,0
empty-fast,27,0.026,0.978,0.401,0.000,1.379,0,1,0
empty-fast,28,0.027,0.724,0.248,0.000,0.972,0,1,0
empty-fast,29,15.665,1.139,0.235,0.000,1.373,0,1,0
empty-fast,30,0.022,16.956,0.366,0.000,17.323,0,1,0
empty-fast,31,0.038,1.211,0.300,0.000,1.512,0,2,0
empty-fast,32,0.021,0.691,0.268,0.000,0.959,0,1,0
empty-fast,33,0.079,0.853,0.224,0.000,1.077,0,1,0
empty-fast,34,0.023,0.679,0.204,0.000,0.883,0,1,0
empty-fast,35,0.035,0.861,0.242,0.000,1.102,0,1,0
empty-fast,36,0.056,1.051,0.281,0.000,1.332,0,1,0
empty-fast,37,0.044,0.923,0.236,0.000,1.158,0,1,0
empty-fast,38,0.039,1.222,0.353,0.000,1.574,0,2,0
empty-fast,39,0.019,0.693,0.367,0.000,1.060,0,2,0
empty-fast,40,0.045,1.146,0.392,0.000,1.538,0,1,0
empty-fast,41,0.051,0.757,0.303,0.000,1.060,0,4,0
empty-fast,42,0.042,1.176,0.296,0.000,1.473,0,1,0
empty-fast,43,0.021,0.887,0.327,0.000,1.213,0,1,0
empty-fast,44,0.033,0.921,0.314,0.000,1.235,0,3,0
empty-fast,45,0.021,0.658,0.360,0.000,1.018,0,2,0
empty-fast,46,15.854,1.098,0.221,0.000,1.320,0,1,0
empty-fast,47,0.017,16.540,0.168,0.000,16.708,0,1,0
empty-fast,48,0.035,0.796,0.289,0.000,1.086,0,2,0
empty-fast,49,0.108,1.078,0.344,0.000,1.422,0,2,0
empty-fast,50,0.019,16.704,0.323,0.000,17.027,0,1,0
empty-fast,51,0.046,1.256,0.307,0.000,1.563,0,2,0
empty-fast,52,0.042,0.976,0.366,0.000,1.342,0,2,0
empty-fast,53,0.051,4.430,0.224,0.000,4.654,0,2,0
empty-fast,54,12.494,1.114,0.441,0.000,1.555,0,1,0
empty-fast,55,0.100,15.686,0.319,0.000,16.004,0,2,0
empty-fast,56,0.057,1.330,0.391,0.000,1.721,0,2,0
empty-fast,57,13.761,0.921,0.239,0.000,1.160,0,1,0
empty-fast,58,0.054,1.487,0.415,0.000,1.901,0,1,0
empty-fast,59,0.080,1.590,0.510,0.000,2.100,0,1,0
empty-fast,60,0.046,15.433,0.561,0.000,15.995,0,1,0
empty-fast,61,0.065,1.392,0.386,0.000,1.779,0,1,0
empty-fast,62,0.028,14.993,0.311,0.000,15.303,0,1,0
empty-fast,63,0.044,1.451,0.313,0.000,1.764,0,2,0
empty-fast,64,0.083,15.814,0.387,0.000,16.201,0,2,0
empty-fast,65,0.056,16.125,0.380,0.000,16.504,0,1,0
empty-fast,66,0.039,0.914,0.201,0.000,1.115,0,2,0
empty-fast,67,0.889,16.391,0.237,0.000,16.628,0,1,0
empty-fast,68,0.030,19.124,0.424,0.000,19.548,0,1,0
empty-fast,69,0.042,1.431,0.365,0.000,1.795,0,2,0
empty-fast,70,0.040,1.620,0.401,0.000,2.021,0,2,0
empty-fast,71,0.045,1.416,0.375,0.000,1.791,0,2,0
empty-fast,72,0.161,1.689,0.333,0.000,2.022,0,2,0
empty-fast,73,0.286,1.327,0.383,0.000,1.710,0,2,0
empty-fast,74,0.131,16.595,0.356,0.000,16.951,0,2,0
empty-fast,75,0.042,14.557,0.407,0.000,14.963,0,1,0
empty-fast,76,0.032,1.521,0.394,0.000,1.915,0,1,0
empty-fast,77,0.134,1.341,0.248,0.000,1.590,0,3,0
empty-fast,78,0.062,1.611,0.406,0.000,2.017,0,2,0
empty-fast,79,0.046,1.357,0.401,0.000,1.758,0,1,0
empty-fast,80,0.034,1.143,0.263,0.000,1.407,0,1,0
empty-fast,81,0.052,1.806,0.409,0.000,2.215,0,2,0
empty-fast,82,0.048,1.242,0.429,0.000,1.671,0,1,0
empty-fast,83,0.033,17.748,0.358,0.000,18.106,0,1,0
empty-fast,84,0.121,2.006,0.255,0.000,2.260,0,2,0
empty-fast,85,0.043,1.352,0.289,0.000,1.641,0,1,0
empty-fast,86,0.093,1.477,0.331,0.000,1.809,0,1,0
empty-fast,87,0.279,3.186,0.679,0.000,3.865,0,1,0
empty-fast,88,0.143,12.359,0.302,0.000,12.661,0,1,0
empty-fast,89,0.044,1.522,0.336,0.000,1.858,0,2,0
empty-fast,90,14.335,1.291,0.412,0.000,1.703,0,1,0
empty-fast,91,0.123,1.741,0.376,0.000,2.117,0,2,0
empty-fast,92,0.058,1.504,0.287,0.000,1.790,0,1,0
empty-fast,93,0.021,16.922,0.428,0.000,17.351,0,1,0
empty-fast,94,0.046,1.560,0.346,0.000,1.905,0,2,0
empty-fast,95,0.052,1.536,0.373,0.000,1.908,0,2,0
empty-fast,96,0.053,1.885,0.450,0.000,2.334,0,2,0
empty-fast,97,0.051,1.582,0.420,0.000,2.002,0,1,0
empty-fast,98,0.055,1.441,0.459,0.000,1.900,0,1,0
empty-fast,99,0.197,1.670,0.304,0.000,1.974,0,2,0
empty-fast,100,0.020,16.363,0.341,0.000,16.704,0,1,0
empty-fast,101,0.030,0.918,0.335,0.000,1.253,0,2,0
empty-fast,102,10.199,1.449,0.269,0.000,1.719,0,1,0
empty-fast,103,0.023,16.757,0.368,0.000,17.125,0,1,0
empty-fast,104,0.054,1.798,0.424,0.000,2.221,0,1,0
empty-fast,105,0.030,16.489,0.384,0.000,16.873,0,1,0
empty-fast,106,2.188,14.154,0.407,0.000,14.561,0,1,0
empty-fast,107,0.130,17.714,0.336,0.000,18.051,0,1,0
empty-fast,108,0.037,15.604,0.523,0.000,16.126,0,1,0
empty-fast,109,0.235,1.889,0.377,0.000,2.267,0,1,0
empty-fast,110,0.157,2.331,0.424,0.000,2.755,0,1,0
empty-fast,111,0.039,11.786,0.248,0.000,12.034,0,1,0
empty-fast,112,0.342,1.346,0.325,0.000,1.670,0,1,0
empty-fast,113,0.057,1.659,0.310,0.000,1.969,0,1,0
empty-fast,114,13.251,2.155,0.503,0.000,2.659,0,1,0
empty-fast,115,0.154,14.086,0.344,0.000,14.430,0,1,0
empty-fast,116,0.042,1.814,0.370,0.000,2.184,0,2,0
empty-fast,117,0.066,1.677,0.510,0.000,2.187,0,1,0
empty-fast,118,0.144,15.865,0.346,0.000,16.211,0,1,0
empty-fast,119,1.425,3.507,0.224,0.000,3.731,0,2,0
dense,0,0.051,0.887,0.316,0.000,1.202,0,1,0
dense,1,0.576,10.843,0.330,0.000,11.173,0,1,0
dense,2,0.051,1.382,0.340,0.000,1.722,0,2,0
dense,3,0.048,1.574,0.399,0.000,1.972,0,1,0
dense,4,0.045,1.477,0.350,0.000,1.828,0,1,0
dense,5,0.480,17.031,0.492,0.000,17.524,0,1,0
dense,6,0.140,16.154,0.484,0.000,16.638,0,1,0
dense,7,0.062,15.561,0.307,0.000,15.868,0,1,0
dense,8,0.059,16.902,0.387,0.000,17.289,0,1,0
dense,9,0.042,1.355,0.324,0.000,1.679,0,2,0
dense,10,0.043,1.646,0.401,0.000,2.047,0,1,0
dense,11,0.041,1.794,0.447,0.000,2.241,0,1,0
dense,12,0.019,1.218,0.201,0.000,1.419,0,2,0
dense,13,14.501,1.024,0.291,0.000,1.315,0,1,0
dense,14,0.017,16.408,0.232,0.000,16.639,0,1,0
dense,15,0.051,0.988,0.208,0.000,1.195,0,2,0
dense,16,15.637,0.936,0.310,0.000,1.246,0,1,0
dense,17,0.020,16.811,0.330,0.000,17.141,0,1,0
dense,18,0.173,0.955,0.139,0.000,1.094,0,3,0
dense,19,0.022,1.083,0.194,0.000,1.276,0,1,0
dense,20,0.074,0.692,0.313,0.000,1.005,0,1,0
dense,21,0.088,1.006,0.282,0.000,1.288,0,1,0
dense,22,0.049,1.570,0.439,0.000,2.009,0,2,0
dense,23,0.113,1.593,0.389,0.000,1.982,0,1,0
dense,24,0.043,1.592,0.381,0.000,1.973,0,1,0
dense,25,0.035,0.966,0.162,0.000,1.128,0,1,0
dense,26,0.014,16.082,0.195,0.000,16.278,0,1,0
dense,27,0.040,0.899,0.226,0.000,1.125,0,2,0
dense,28,0.087,1.167,0.245,0.000,1.411,0,2,0
dense,29,0.021,16.761,0.345,0.000,17.105,0,1,0
dense,30,0.033,0.933,0.217,0.000,1.150,0,2,0
dense,31,0.025,0.976,0.269,0.000,1.245,0,1,0
dense,32,0.172,2.346,0.481,0.000,2.827,0,1,0
dense,33,0.052,13.107,0.350,0.000,13.457,0,1,0
dense,34,0.045,1.535,0.365,0.000,1.901,0,1,0
dense,35,0.053,1.527,0.536,0.000,2.063,0,1,0
dense,36,0.145,1.612,0.468,0.000,2.080,0,1,0
dense,37,0.031,16.067,0.346,0.000,16.413,0,1,0
dense,38,0.045,1.559,0.398,0.000,1.957,0,2,0
dense,39,0.051,1.572,0.354,0.000,1.926,0,1,0
dense,40,0.045,1.697,0.375,0.000,2.072,0,1,0
dense,41,0.050,1.630,0.401,0.000,2.031,0,1,0
dense,42,0.030,16.112,0.420,0.000,16.532,0,1,0
dense,43,0.049,1.470,0.411,0.000,1.881,0,2,0
dense,44,0.041,1.557,0.251,0.000,1.808,0,2,0
dense,45,0.074,1.185,0.285,0.000,1.470,0,1,0
dense,46,0.044,1.466,0.521,0.000,1.988,0,1,0
dense,47,0.041,1.445,0.384,0.000,1.829,0,1,0
dense,48,0.062,4.908,0.248,0.000,5.156,0,1,0
dense,49,10.929,1.295,0.318,0.000,1.613,0,1,0
dense,50,0.020,17.365,0.327,0.000,17.692,0,1,0
dense,51,0.055,1.603,0.448,0.000,2.051,0,2,0
dense,52,0.051,1.630,0.277,0.000,1.908,0,1,0
dense,53,0.040,1.405,0.368,0.000,1.773,0,1,0
dense,54,1.993,14.836,0.447,0.000,15.283,0,1,0
dense,55,0.050,16.826,0.408,0.000,17.234,0,1,0
dense,56,1.946,16.592,0.428,0.000,17.020,0,1,0
dense,57,0.037,15.725,0.414,0.000,16.139,0,1,0
dense,58,13.424,1.416,0.280,0.000,1.696,0,1,0
dense,59,0.064,1.255,0.292,0.000,1.547,0,2,0
dense,60,0.018,16.895,0.317,0.000,17.212,0,1,0
dense,61,0.059,1.282,0.278,0.000,1.561,0,2,0
dense,62,0.056,1.255,0.387,0.000,1.642,0,2,0
dense,63,0.107,1.495,0.248,0.000,1.743,0,2,0
dense,64,0.017,15.367,0.240,0.000,15.607,0,1,0
dense,65,0.030,16.077,0.306,0.000,16.383,0,1,0
dense,66,0.047,1.541,0.425,0.000,1.966,0,1,0
dense,67,0.226,1.635,0.366,0.000,2.001,0,2,0
dense,68,0.020,14.758,0.261,0.000,15.019,0,1,0
dense,69,0.042,1.200,0.272,0.000,1.472,0,2,0
dense,70,0.029,1.449,0.265,0.000,1.714,0,4,0
dense,71,0.157,1.409,0.238,0.000,1.647,0,1,0
dense,72,0.173,1.445,0.257,0.000,1.701,0,1,0
dense,73,0.017,15.180,0.266,0.000,15.447,0,1,0
dense,74,0.132,1.592,0.264,0.000,1.857,0,2,0
dense,75,0.041,1.501,0.306,0.000,1.807,0,1,0
dense,76,0.046,1.099,0.213,0.000,1.312,0,1,0
dense,77,0.028,0.810,0.231,0.000,1.041,0,1,0
dense,78,0.035,1.349,0.247,0.000,1.596,0,1,0
dense,79,0.195,1.725,0.413,0.000,2.138,0,2,0
dense,80,15.003,1.669,0.312,0.000,1.981,0,1,0
dense,81,0.027,15.581,0.306,0.000,15.887,0,1,0
dense,82,0.042,1.413,0.286,0.000,1.699,0,2,0
dense,83,0.182,14.388,0.542,0.000,14.931,0,1,0
dense,84,0.227,12.860,0.442,0.000,13.302,0,2,0
dense,85,0.121,1.062,0.346,0.000,1.407,0,1,0
dense,86,0.024,15.691,0.310,0.000,16.000,0,1,0
dense,87,0.028,1.087,0.296,0.000,1.383,0,1,0
dense,88,0.014,17.594,0.238,0.000,17.832,0,1,0
dense,89,0.037,1.257,0.263,0.000,1.520,0,2,0
dense,90,0.034,1.008,0.270,0.000,1.278,0,2,0
dense,91,0.028,0.950,0.209,0.000,1.159,0,2,0
dense,92,1.562,16.102,0.247,0.000,16.349,0,1,0
dense,93,0.025,17.337,0.237,0.000,17.574,0,1,0
dense,94,0.033,1.175,0.288,0.000,1.463,0,2,0
dense,95,0.397,1.072,0.239,0.000,1.311,0,1,0
dense,96,0.166,1.654,0.223,0.000,1.877,0,2,0
dense,97,0.033,1.404,0.325,0.000,1.729,0,1,0
dense,98,0.044,18.334,0.181,0.000,18.516,0,1,0
dense,99,0.027,13.584,0.322,0.000,13.907,0,1,0
dense,100,0.034,1.126,0.241,0.000,1.367,0,2,0
dense,101,1.580,14.903,0.273,0.000,15.176,0,1,0
dense,102,0.039,17.058,0.297,0.000,17.355,0,1,0
dense,103,0.036,1.381,0.233,0.000,1.613,0,2,0
dense,104,0.031,1.784,0.234,0.000,2.018,0,1,0
dense,105,0.019,15.829,0.308,0.000,16.137,0,1,0
dense,106,0.044,1.546,0.317,0.000,1.862,0,2,0
dense,107,0.035,1.331,0.241,0.000,1.572,0,3,0
dense,108,2.229,14.748,0.212,0.000,14.961,0,1,0
dense,109,0.031,17.396,0.332,0.000,17.728,0,1,0
dense,110,0.041,1.657,0.249,0.000,1.907,0,2,0
dense,111,0.072,1.464,0.265,0.000,1.729,0,2,0
dense,112,0.032,1.151,0.273,0.000,1.424,0,2,0
dense,113,0.025,1.239,0.288,0.000,1.527,0,2,0
dense,114,0.030,1.326,0.294,0.000,1.620,0,2,0
dense,115,0.127,2.024,0.231,0.000,2.255,0,2,0
dense,116,0.098,1.333,0.196,0.000,1.530,0,2,0
dense,117,1.674,16.012,0.266,0.000,16.278,0,1,0
dense,118,0.027,16.726,0.216,0.000,16.942,0,1,0
dense,119,0.040,1.809,0.303,0.000,2.112,0,2,0
dense,120,0.032,1.254,0.211,0.000,1.465,0,2,0
dense,121,0.071,1.340,0.182,0.000,1.522,0,3,0
dense,122,1.870,15.889,0.251,0.000,16.140,0,1,0
dense,123,0.032,15.978,0.260,0.000,16.237,0,1,0
dense,124,0.033,1.255,0.181,0.000,1.437,0,2,0
dense,125,0.125,1.077,0.195,0.000,1.272,0,4,0
dense,126,0.031,1.497,0.319,0.000,1.817,0,1,0
dense,127,0.061,1.551,0.483,0.000,2.034,0,2,0
dense,128,0.228,1.968,0.264,0.000,2.232,0,2,0
dense,129,0.039,1.751,0.293,0.000,2.045,0,1,0
dense,130,0.060,1.928,0.416,0.000,2.344,0,2,0
dense,131,0.052,2.098,0.324,0.000,2.422,0,1,0
dense,132,0.025,16.175,0.311,0.000,16.486,0,1,0
dense,133,0.204,2.122,0.296,0.000,2.417,0,3,0
dense,134,0.033,14.634,0.324,0.000,14.958,0,1,0
dense,135,0.032,18.315,0.379,0.000,18.694,0,1,0
dense,136,0.019,1.460,0.233,0.000,1.693,0,3,0
dense,137,0.048,1.643,0.352,0.000,1.995,0,1,0
dense,138,0.049,1.660,0.227,0.000,1.887,0,1,0
dense,139,0.020,20.478,0.303,0.000,20.781,0,1,0
dense,140,5.188,12.360,0.317,0.000,12.677,0,1,0
dense,141,0.032,16.205,0.349,0.000,16.554,0,1,0
dense,142,0.062,2.091,0.281,0.000,2.371,0,3,0
dense,143,0.374,4.760,0.290,0.000,5.050,0,2,0
long-12s,0,0.218,18.794,0.464,0.000,19.258,0,2,0
long-12s,1,0.056,1.204,0.404,0.000,1.608,0,1,0
long-12s,2,0.047,1.196,0.492,0.000,1.687,0,1,0
long-12s,3,0.046,1.124,0.345,0.000,1.469,0,1,0
long-12s,4,0.027,16.591,0.440,0.000,17.032,0,1,0
long-12s,5,1.788,14.344,0.393,0.000,14.736,0,1,0
long-12s,6,0.058,1.342,0.377,0.000,1.719,0,1,0
long-12s,7,0.095,1.190,0.398,0.000,1.587,0,1,0
long-12s,8,0.051,1.288,0.387,0.000,1.675,0,1,0
long-12s,9,0.105,14.280,0.501,0.000,14.781,0,1,0
long-12s,10,0.017,0.711,0.272,0.000,0.983,0,2,0
long-12s,11,0.034,0.883,0.278,0.000,1.161,0,1,0
long-12s,12,0.023,0.872,0.166,0.000,1.038,0,1,0
long-12s,13,0.038,1.029,0.323,0.000,1.352,0,1,0
long-12s,14,0.126,1.678,0.410,0.000,2.088,0,2,0
long-12s,15,0.124,1.707,0.311,0.000,2.019,0,1,0
long-12s,16,0.156,16.283,0.413,0.000,16.696,0,1,0
long-12s,17,0.044,1.100,0.315,0.000,1.415,0,2,0
long-12s,18,0.109,1.186,0.433,0.000,1.619,0,2,0
long-12s,19,0.045,1.037,0.293,0.000,1.330,0,1,0
long-12s,20,0.041,1.039,0.403,0.000,1.442,0,1,0
long-12s,21,0.038,1.688,0.520,0.000,2.208,0,2,0
long-12s,22,0.027,11.692,0.234,0.000,11.925,0,1,0
long-12s,23,0.052,4.894,0.249,0.000,5.143,0,2,0
long-12s,24,0.082,1.095,0.328,0.000,1.424,0,2,0
long-12s,25,0.122,1.290,0.521,0.000,1.810,0,2,0
long-12s,26,14.878,0.695,0.171,0.000,0.866,0,1,0
long-12s,27,0.016,16.668,0.377,0.000,17.045,0,1,0
long-12s,28,0.018,0.739,0.278,0.000,1.017,0,2,0
long-12s,29,0.958,16.150,0.169,0.000,16.319,0,1,0
long-12s,30,0.429,0.972,0.181,0.000,1.153,0,2,0
long-12s,31,0.023,1.211,0.268,0.000,1.479,0,1,0
long-12s,32,0.038,1.071,0.344,0.000,1.415,0,2,0
long-12s,33,1.271,17.500,0.476,0.000,17.976,0,1,0
long-12s,34,0.041,15.532,0.350,0.000,15.882,0,1,0
long-12s,35,0.044,1.131,0.411,0.000,1.542,0,2,0
long-12s,36,1.178,15.457,0.172,0.000,15.629,0,1,0
long-12s,37,0.019,16.608,0.180,0.000,16.787,0,1,0
long-12s,38,0.065,0.696,0.237,0.000,0.933,0,2,0
long-12s,39,0.069,0.701,0.240,0.000,0.941,0,2,0
long-12s,40,0.080,16.295,0.215,0.000,16.510,0,2,0
long-12s,41,0.028,0.715,0.253,0.000,0.968,0,2,0
long-12s,42,0.022,0.655,0.165,0.000,0.820,0,2,0
long-12s,43,0.019,0.542,0.126,0.000,0.668,0,1,0
long-12s,44,0.017,0.613,0.142,0.000,0.755,0,1,0
long-12s,45,0.027,0.604,0.246,0.000,0.850,0,2,0
long-12s,46,0.050,1.180,0.340,0.000,1.520,0,2,0
long-12s,47,0.283,1.265,0.392,0.000,1.657,0,1,0
long-12s,48,0.023,15.255,0.507,0.000,15.762,0,1,0
long-12s,49,0.077,2.001,0.134,0.000,2.135,0,2,0
long-12s,50,0.040,1.095,0.352,0.000,1.448,0,1,0
long-12s,51,0.098,1.054,0.275,0.000,1.329,0,1,0
long-12s,52,0.193,1.364,0.246,0.000,1.609,0,1,0
long-12s,53,0.037,16.723,0.371,0.000,17.094,0,1,0
long-12s,54,0.042,1.232,0.359,0.000,1.591,0,2,0
long-12s,55,0.058,1.331,0.384,0.000,1.714,0,1,0
long-12s,56,0.052,1.267,0.338,0.000,1.605,0,1,0
long-12s,57,1.674,15.364,0.450,0.000,15.814,0,1,0
long-12s,58,0.046,16.287,0.374,0.000,16.662,0,1,0
long-12s,59,0.045,1.184,0.307,0.000,1.490,0,2,0
long-12s,60,0.129,1.621,0.342,0.000,1.963,0,2,0
long-12s,61,0.038,1.095,0.417,0.000,1.511,0,1,0
long-12s,62,0.045,1.057,0.260,0.000,1.317,0,1,0
long-12s,63,0.033,10.822,0.501,0.000,11.323,0,1,0
long-12s,64,0.109,17.770,0.353,0.000,18.123,0,1,0
long-12s,65,1.892,14.407,0.350,0.000,14.757,0,1,0
long-12s,66,0.077,0.967,0.289,0.000,1.256,0,2,0
long-12s,67,0.037,1.119,0.284,0.000,1.402,0,2,0
long-12s,68,0.042,0.772,0.223,0.000,0.995,0,2,0
long-12s,69,0.041,1.286,0.319,0.000,1.605,0,2,0
long-12s,70,0.829,0.989,0.250,0.000,1.239,0,1,0
long-12s,71,0.039,0.861,0.287,0.000,1.148,0,1,0
long-12s,72,0.030,0.766,0.284,0.000,1.050,0,2,0
long-12s,73,0.030,0.873,0.275,0.000,1.147,0,2,0
long-12s,74,0.067,0.727,0.218,0.000,0.945,0,2,0
long-12s,75,0.033,0.938,0.343,0.000,1.282,0,1,0
long-12s,76,0.059,0.940,0.303,0.000,1.243,0,1,0
long-12s,77,1.781,14.813,0.221,0.000,15.034,0,1,0
long-12s,78,0.092,1.134,0.254,0.000,1.388,0,2,0
long-12s,79,0.085,1.645,0.240,0.000,1.885,0,2,0
long-12s,80,0.030,0.772,0.216,0.000,0.988,0,1,0
long-12s,81,0.039,1.111,0.375,0.000,1.486,0,1,0
long-12s,82,0.056,1.278,0.416,0.000,1.694,0,2,0
long-12s,83,0.046,0.848,0.242,0.000,1.089,0,2,0
long-12s,84,0.064,1.476,0.422,0.000,1.897,0,2,0
long-12s,85,0.049,0.865,0.300,0.000,1.165,0,1,0
long-12s,86,0.059,1.479,0.381,0.000,1.860,0,1,0
long-12s,87,14.135,1.394,0.279,0.000,1.674,0,1,0
long-12s,88,0.072,1.392,0.250,0.000,1.642,0,1,0
long-12s,89,0.166,1.355,0.194,0.000,1.549,0,2,0
long-12s,90,0.016,0.553,0.149,0.000,0.702,0,1,0
long-12s,91,0.043,0.889,0.238,0.000,1.127,0,1,0
long-12s,92,1.059,17.122,0.343,0.000,17.465,0,1,0
long-12s,93,0.048,1.108,0.397,0.000,1.505,0,1,0
long-12s,94,0.052,1.209,0.299,0.000,1.508,0,2,0
long-12s,95,0.049,1.401,0.357,0.000,1.758,0,1,0
long-12s,96,0.034,0.823,0.311,0.000,1.134,0,1,0
long-12s,97,1.832,13.455,0.306,0.000,13.762,0,1,0
long-12s,98,0.026,1.150,0.215,0.000,1.365,0,1,0
long-12s,99,0.178,1.931,0.297,0.000,2.228,0,2,0
long-12s,100,0.041,1.185,0.279,0.000,1.463,0,1,0
long-12s,101,0.044,1.020,0.265,0.000,1.285,0,1,0
long-12s,102,0.032,1.369,0.474,0.000,1.843,0,2,0
long-12s,103,0.026,1.235,0.257,0.000,1.491,0,2,0
long-12s,104,0.041,0.860,0.314,0.000,1.174,0,2,0
long-12s,105,0.023,0.688,0.246,0.000,0.934,0,2,0
long-12s,106,0.034,0.900,0.292,0.000,1.192,0,1,0
long-12s,107,0.020,16.106,0.178,0.000,16.283,0,1,0
long-12s,108,0.034,1.070,0.220,0.000,1.289,0,1,0
long-12s,109,0.037,1.247,0.264,0.000,1.512,0,1,0
long-12s,110,0.042,1.292,0.183,0.000,1.475,0,1,0
long-12s,111,0.040,0.870,0.287,0.000,1.157,0,1,0
long-12s,112,0.030,0.907,0.274,0.000,1.181,0,1,0
long-12s,113,0.096,1.196,0.207,0.000,1.402,0,1,0
long-12s,114,0.035,0.875,0.138,0.000,1.013,0,1,0
long-12s,115,0.028,0.805,0.287,0.000,1.092,0,1,0
long-12s,116,0.042,0.705,0.229,0.000,0.933,0,2,0
long-12s,117,0.030,0.708,0.507,0.000,1.214,0,2,0
long-12s,118,0.075,2.124,0.224,0.000,2.348,0,1,0
long-12s,119,0.034,0.913,0.176,0.000,1.089,0,1,0
long-12s,120,0.036,1.114,0.169,0.000,1.283,0,1,0
long-12s,121,0.051,1.039,0.207,0.000,1.246,0,2,0
long-12s,122,0.053,0.790,0.251,0.000,1.041,0,2,0
long-12s,123,0.037,1.372,0.216,0.000,1.589,0,2,0
long-12s,124,0.056,0.844,0.181,0.000,1.024,0,1,0
long-12s,125,0.028,0.687,0.312,0.000,1.000,0,1,0
long-12s,126,0.044,1.003,0.264,0.000,1.267,0,3,0
long-12s,127,0.025,0.921,0.378,0.000,1.299,0,2,0
long-12s,128,0.164,1.436,0.189,0.000,1.625,0,1,0
long-12s,129,0.036,1.000,0.320,0.000,1.320,0,1,0
long-12s,130,0.056,1.288,0.283,0.000,1.571,0,2,0
long-12s,131,1.268,16.390,0.198,0.000,16.588,0,1,0
long-12s,132,0.034,16.697,0.223,0.000,16.920,0,1,0
long-12s,133,0.042,1.002,0.385,0.000,1.387,0,2,0
long-12s,134,0.046,1.082,0.285,0.000,1.366,0,1,0
long-12s,135,0.045,0.674,0.202,0.000,0.876,0,1,0
long-12s,136,0.146,0.973,0.133,0.000,1.105,0,3,0
long-12s,137,0.029,0.845,0.293,0.000,1.138,0,1,0
long-12s,138,0.031,0.751,0.211,0.000,0.962,0,1,0
long-12s,139,0.034,0.952,0.389,0.000,1.341,0,2,0
long-12s,140,0.041,15.867,0.255,0.000,16.122,0,1,0
long-12s,141,0.022,0.849,0.214,0.000,1.063,0,2,0
long-12s,142,0.025,6.963,0.248,0.000,7.211,0,2,0
long-12s,143,0.033,0.777,0.199,0.000,0.976,0,2,0
long-12s,144,0.040,0.769,0.157,0.000,0.925,0,2,0
long-12s,145,0.025,0.980,0.246,0.000,1.225,0,2,0
long-12s,146,0.078,0.954,0.438,0.000,1.392,0,2,0
long-12s,147,0.342,14.067,0.360,0.000,14.427,0,1,0
long-12s,148,0.027,16.756,0.319,0.000,17.075,0,1,0
long-12s,149,0.028,0.985,0.166,0.000,1.151,0,2,0
long-12s,150,1.107,16.607,0.273,0.000,16.880,0,1,0
long-12s,151,0.020,16.302,0.314,0.000,16.616,0,1,0
long-12s,152,1.297,16.386,0.146,0.000,16.531,0,1,0
long-12s,153,0.024,16.402,0.254,0.000,16.655,0,1,0
long-12s,154,0.067,1.220,0.296,0.000,1.516,0,2,0
long-12s,155,0.023,0.691,0.227,0.000,0.919,0,1,0
long-12s,156,0.020,1.072,0.163,0.000,1.235,0,1,0
long-12s,157,0.091,0.956,0.253,0.000,1.209,0,2,0
long-12s,158,0.018,0.684,0.186,0.000,0.870,0,3,0
long-12s,159,0.023,0.889,0.423,0.000,1.312,0,1,0
long-12s,160,1.142,16.035,0.167,0.000,16.201,0,1,0
long-12s,161,0.029,17.092,0.302,0.000,17.394,0,1,0
long-12s,162,0.023,0.724,0.317,0.000,1.041,0,2,0
long-12s,163,0.019,0.758,0.261,0.000,1.018,0,1,0
long-12s,164,0.020,0.738,0.214,0.000,0.952,0,1,0
long-12s,165,0.033,0.743,0.194,0.000,0.936,0,2,0
long-12s,166,0.022,0.875,0.312,0.000,1.187,0,1,0
long-12s,167,0.030,1.013,0.368,0.000,1.381,0,1,0
long-12s,168,0.449,1.107,0.286,0.000,1.393,0,1,0
long-12s,169,0.025,0.953,0.275,0.000,1.227,0,1,0
long-12s,170,0.044,1.000,0.268,0.000,1.268,0,1,0
long-12s,171,0.031,0.737,0.227,0.000,0.964,0,1,0
long-12s,172,0.025,16.311,0.287,0.000,16.598,0,1,0
long-12s,173,1.178,16.765,0.231,0.000,16.997,0,1,0
long-12s,174,0.074,15.848,0.319,0.000,16.166,0,1,0
long-12s,175,0.033,0.951,0.165,0.000,1.116,0,2,0
long-12s,176,0.031,1.046,0.205,0.000,1.251,0,1,0
long-12s,177,0.033,1.096,0.431,0.000,1.527,0,1,0
long-12s,178,0.024,0.895,0.286,0.000,1.181,0,1,0
long-12s,179,0.021,0.777,0.172,0.000,0.949,0,1,0
long-12s,180,0.034,1.056,0.342,0.000,1.398,0,2,0
long-12s,181,0.026,0.894,0.228,0.000,1.123,0,1,0
long-12s,182,0.035,1.442,0.246,0.000,1.688,0,1,0
long-12s,183,0.025,3.921,0.253,0.000,4.175,0,2,0
long-12s,184,0.023,0.910,0.155,0.000,1.066,0,1,0
long-12s,185,0.032,0.998,0.212,0.000,1.210,0,1,0
long-12s,186,0.027,0.826,0.247,0.000,1.073,0,1,0
long-12s,187,0.029,0.832,0.202,0.000,1.034,0,1,0
long-12s,188,0.018,0.812,0.203,0.000,1.015,0,2,0
long-12s,189,0.033,0.693,0.286,0.000,0.979,0,2,0
long-12s,190,0.024,0.732,0.244,0.000,0.976,0,1,0
long-12s,191,2.008,14.982,0.342,0.000,15.324,0,1,0
long-12s,192,0.040,16.109,0.257,0.000,16.365,0,1,0
long-12s,193,0.978,15.919,0.192,0.000,16.110,0,1,0
long-12s,194,0.026,17.184,0.276,0.000,17.460,0,1,0
long-12s,195,0.034,1.286,0.330,0.000,1.617,0,2,0
long-12s,196,0.112,1.323,0.350,0.000,1.672,0,2,0
long-12s,197,0.031,15.858,0.326,0.000,16.184,0,1,0
long-12s,198,0.023,0.763,0.131,0.000,0.895,0,1,0
long-12s,199,0.079,1.276,0.390,0.000,1.666,0,1,0
long-12s,200,0.028,1.177,0.272,0.000,1.449,0,2,0
long-12s,201,0.021,0.848,0.194,0.000,1.042,0,2,0
long-12s,202,1.843,15.131,0.262,0.000,15.392,0,1,0
long-12s,203,0.032,14.650,0.155,0.000,14.805,0,1,0
long-12s,204,0.049,0.751,0.217,0.000,0.968,0,2,0
long-12s,205,0.031,1.062,0.324,0.000,1.386,0,2,0
long-12s,206,0.035,1.055,0.248,0.000,1.303,0,1,0
long-12s,207,0.037,1.101,0.350,0.000,1.451,0,1,0
long-12s,208,0.045,15.787,0.422,0.000,16.208,0,1,0
long-12s,209,0.102,1.285,0.210,0.000,1.495,0,2,0
long-12s,210,0.159,1.267,0.260,0.000,1.526,0,1,0
long-12s,211,0.132,1.503,0.368,0.000,1.871,0,1,0
long-12s,212,0.121,16.563,0.461,0.000,17.024,0,1,0
long-12s,213,0.056,1.474,0.356,0.000,1.829,0,2,0
long-12s,214,0.165,15.197,0.302,0.000,15.499,0,2,0
long-12s,215,0.030,16.429,0.277,0.000,16.706,0,1,0
long-12s,216,0.043,1.396,0.338,0.000,1.734,0,2,0
long-12s,217,1.776,14.734,0.417,0.000,15.150,0,1,0
long-12s,218,0.047,1.526,0.303,0.000,1.829,0,1,0
long-12s,219,2.093,14.838,0.358,0.000,15.196,0,1,0
long-12s,220,0.041,1.418,0.495,0.000,1.913,0,1,0
long-12s,221,0.171,1.672,0.319,0.000,1.991,0,2,0
long-12s,222,0.022,16.293,0.403,0.000,16.696,0,1,0
long-12s,223,0.053,1.505,0.365,0.000,1.870,0,2,0
long-12s,224,0.031,3.831,0.226,0.000,4.057,0,1,0
long-12s,225,0.045,17.768,0.416,0.000,18.184,0,1,0
long-12s,226,0.038,1.365,0.339,0.000,1.704,0,2,0
long-12s,227,1.717,16.679,0.390,0.000,17.069,0,1,0
long-12s,228,0.039,16.462,0.366,0.000,16.828,0,1,0
long-12s,229,15.094,2.060,0.285,0.000,2.345,0,1,0
long-12s,230,0.024,14.742,0.298,0.000,15.041,0,1,0
long-12s,231,1.338,18.710,0.249,0.000,18.959,0,1,0
long-12s,232,0.047,1.115,0.254,0.000,1.369,0,1,0
long-12s,233,0.044,1.238,0.361,0.000,1.599,0,1,0
long-12s,234,0.046,15.645,0.270,0.000,15.915,0,1,0
long-12s,235,0.168,1.253,0.226,0.000,1.479,0,1,0
long-12s,236,15.498,1.619,0.276,0.000,1.894,0,1,0
long-12s,237,0.024,14.149,0.205,0.000,14.354,0,1,0
long-12s,238,0.042,1.544,0.308,0.000,1.853,0,2,0
long-12s,239,0.045,1.311,0.329,0.000,1.640,0,2,0
long-12s,240,1.727,15.955,0.270,0.000,16.225,0,1,0
long-12s,241,0.052,1.662,0.574,0.000,2.236,0,1,0
long-12s,242,0.032,0.996,0.264,0.000,1.260,0,2,0
long-12s,243,1.799,13.928,0.252,0.000,14.180,0,1,0
long-12s,244,0.043,17.143,0.385,0.000,17.528,0,1,0
long-12s,245,0.040,1.322,0.325,0.000,1.647,0,2,0
long-12s,246,0.052,16.039,0.417,0.000,16.456,0,1,0
long-12s,247,0.042,16.595,0.278,0.000,16.873,0,1,0
long-12s,248,0.062,1.380,0.384,0.000,1.764,0,2,0
long-12s,249,15.606,1.687,0.468,0.000,2.155,0,1,0
long-12s,250,0.031,14.437,0.268,0.000,14.705,0,1,0
long-12s,251,0.127,4.070,0.321,0.000,4.391,0,2,0
long-12s,252,0.025,12.515,0.227,0.000,12.742,0,1,0
long-12s,253,0.050,0.862,0.217,0.000,1.079,0,1,0
long-12s,254,0.036,1.053,0.263,0.000,1.316,0,2,0
long-12s,255,16.398,1.457,0.312,0.000,1.769,0,1,0
long-12s,256,0.052,1.729,0.422,0.000,2.151,0,1,0
long-12s,257,0.054,1.458,0.362,0.000,1.819,0,2,0
long-12s,258,14.456,1.766,0.266,0.000,2.032,0,1,0
long-12s,259,0.058,1.411,0.325,0.000,1.737,0,1,0
long-12s,260,0.055,1.460,0.386,0.000,1.846,0,2,0
long-12s,261,14.080,1.415,0.397,0.000,1.812,0,1,0
long-12s,262,0.055,14.959,0.319,0.000,15.278,0,1,0
long-12s,263,0.037,16.619,0.314,0.000,16.932,0,1,0
long-12s,264,0.043,0.961,0.288,0.000,1.249,0,2,0
long-12s,265,0.044,4.537,0.225,0.000,4.762,0,1,0
long-12s,266,0.027,11.571,0.388,0.000,11.959,0,1,0
long-12s,267,1.752,15.716,0.436,0.000,16.152,0,1,0
long-12s,268,0.082,15.775,0.410,0.000,16.185,0,1,0
long-12s,269,0.033,1.160,0.200,0.000,1.360,0,1,0
long-12s,270,0.036,1.136,0.246,0.000,1.382,0,1,0
long-12s,271,0.052,1.055,0.442,0.000,1.496,0,2,0
long-12s,272,0.229,1.279,0.186,0.000,1.465,0,1,0
long-12s,273,0.036,1.203,0.262,0.000,1.465,0,1,0
long-12s,274,0.042,1.318,0.289,0.000,1.607,0,1,0
long-12s,275,0.052,1.475,0.314,0.000,1.789,0,1,0
long-12s,276,0.042,1.360,0.282,0.000,1.642,0,1,0
long-12s,277,0.038,1.137,0.285,0.000,1.421,0,1,0
long-12s,278,0.054,1.508,0.422,0.000,1.929,0,2,0
long-12s,279,0.030,0.836,0.266,0.000,1.102,0,1,0
long-12s,280,0.032,0.786,0.314,0.000,1.100,0,1,0
long-12s,281,0.027,0.846,0.295,0.000,1.141,0,2,0
long-12s,282,0.398,1.173,0.236,0.000,1.409,0,1,0
long-12s,283,0.020,0.964,0.273,0.000,1.237,0,1,0
long-12s,284,0.027,0.752,0.189,0.000,0.942,0,2,0
long-12s,285,0.040,1.119,0.237,0.000,1.356,0,2,0
long-12s,286,0.030,1.207,0.257,0.000,1.464,0,2,0
long-12s,287,0.024,0.760,0.241,0.000,1.001,0,2,0
long-12s,288,0.021,0.717,0.171,0.000,0.887,0,2,0
long-12s,289,0.024,0.865,0.176,0.000,1.041,0,1,0
long-12s,290,0.040,1.463,0.354,0.000,1.816,0,1,0
long-12s,291,0.020,0.659,0.215,0.000,0.874,0,2,0
long-12s,292,0.024,0.886,0.181,0.000,1.067,0,1,0
long-12s,293,0.981,17.200,0.332,0.000,17.533,0,1,0
long-12s,294,0.144,1.465,0.252,0.000,1.717,0,2,0
long-12s,295,0.031,1.278,0.289,0.000,1.567,0,1,0
long-12s,296,0.034,16.261,0.209,0.000,16.470,0,1,0
long-12s,297,0.029,1.154,0.223,0.000,1.377,0,2,0
long-12s,298,0.043,0.811,0.318,0.000,1.129,0,1,0
long-12s,299,0.083,1.292,0.164,0.000,1.456,0,1,0
long-12s,300,0.029,1.149,0.250,0.000,1.399,0,2,0
long-12s,301,0.230,1.445,0.281,0.000,1.727,0,1,0
long-12s,302,0.040,0.893,0.296,0.000,1.189,0,1,0
long-12s,303,0.021,0.937,0.202,0.000,1.139,0,2,0
long-12s,304,0.021,0.740,0.242,0.000,0.982,0,2,0
long-12s,305,0.016,0.668,0.151,0.000,0.819,0,2,0
long-12s,306,1.078,16.377,0.202,0.000,16.579,0,1,0
long-12s,307,0.028,15.828,0.315,0.000,16.142,0,1,0
long-12s,308,0.026,1.159,0.237,0.000,1.396,0,2,0
long-12s,309,0.018,0.760,0.188,0.000,0.948,0,2,0
long-12s,310,0.045,1.230,0.251,0.000,1.481,0,1,0
long-12s,311,0.046,0.771,0.164,0.000,0.935,0,1,0
long-12s,312,0.028,1.057,0.158,0.000,1.215,0,1,0
long-12s,313,0.027,0.995,0.340,0.000,1.335,0,1,0
long-12s,314,0.030,1.213,0.358,0.000,1.570,0,1,0
long-12s,315,0.029,16.669,0.177,0.000,16.846,0,1,0
long-12s,316,0.037,0.862,0.243,0.000,1.105,0,2,0
long-12s,317,0.028,1.100,0.199,0.000,1.299,0,1,0
long-12s,318,0.177,1.455,0.210,0.000,1.665,0,1,0
long-12s,319,0.045,1.439,0.293,0.000,1.732,0,1,0
long-12s,320,0.129,1.348,0.255,0.000,1.603,0,1,0
long-12s,321,0.281,0.926,0.264,0.000,1.190,0,1,0
long-12s,322,0.035,16.310,0.210,0.000,16.521,0,1,0
long-12s,323,0.032,1.065,0.229,0.000,1.294,0,2,0
long-12s,324,0.025,0.802,0.323,0.000,1.125,0,2,0
long-12s,325,0.028,1.457,0.265,0.000,1.722,0,2,0
long-12s,326,0.020,0.783,0.235,0.000,1.018,0,2,0
long-12s,327,0.050,0.850,0.232,0.000,1.082,0,2,0
long-12s,328,0.035,1.412,0.266,0.000,1.678,0,1,0
long-12s,329,0.034,1.517,0.296,0.000,1.814,0,1,0
long-12s,330,14.666,1.374,0.205,0.000,1.580,0,1,0
long-12s,331,0.017,1.029,0.214,0.000,1.243,0,2,0
long-12s,332,0.040,15.438,0.177,0.000,15.615,0,1,0
long-12s,333,0.024,0.778,0.383,0.000,1.161,0,2,0
long-12s,334,0.027,0.791,0.265,0.000,1.056,0,1,0
long-12s,335,0.023,15.799,0.347,0.000,16.146,0,1,0
long-12s,336,0.022,0.773,0.353,0.000,1.126,0,2,0
long-12s,337,0.030,1.046,0.222,0.000,1.268,0,1,0
long-12s,338,0.024,0.821,0.204,0.000,1.025,0,1,0
long-12s,339,1.461,15.415,0.233,0.000,15.649,0,1,0
long-12s,340,0.472,0.874,0.324,0.000,1.198,0,2,0
long-12s,341,0.024,0.880,0.264,0.000,1.144,0,1,0
long-12s,342,0.022,0.899,0.204,0.000,1.103,0,2,0
long-12s,343,0.993,16.111,0.226,0.000,16.337,0,1,0
long-12s,344,0.022,16.985,0.198,0.000,17.183,0,1,0
long-12s,345,1.140,19.265,0.159,0.000,19.423,0,1,0
long-12s,346,0.019,13.511,0.195,0.000,13.705,0,1,0
long-12s,347,0.025,0.730,0.149,0.000,0.878,0,2,0
long-12s,348,0.096,0.985,0.264,0.000,1.249,0,2,0
long-12s,349,0.021,0.878,0.171,0.000,1.049,0,2,0
long-12s,350,0.034,0.919,0.141,0.000,1.059,0,3,0
long-12s,351,0.022,1.034,0.188,0.000,1.222,0,1,0
long-12s,352,0.093,4.026,0.196,0.000,4.222,0,2,0
long-12s,353,0.021,0.913,0.185,0.000,1.098,0,1,0
long-12s,354,0.046,16.721,0.247,0.000,16.968,0,1,0
long-12s,355,0.022,0.783,0.204,0.000,0.988,0,2,0
long-12s,356,0.024,1.116,0.193,0.000,1.309,0,2,0
long-12s,357,0.030,1.015,0.145,0.000,1.160,0,1,0
long-12s,358,0.057,0.794,0.150,0.000,0.945,0,1,0
long-12s,359,0.232,0.884,0.203,0.000,1.087,0,1,0
long-12s,360,0.023,1.106,0.306,0.000,1.412,0,1,0
long-12s,361,0.033,1.024,0.127,0.000,1.151,0,2,0
long-12s,362,1.299,16.135,0.149,0.000,16.285,0,1,0
long-12s,363,0.028,16.602,0.181,0.000,16.783,0,1,0
long-12s,364,0.053,1.419,0.276,0.000,1.695,0,2,0
long-12s,365,0.030,1.206,0.354,0.000,1.560,0,2,0
long-12s,366,0.029,1.169,0.286,0.000,1.455,0,1,0
long-12s,367,0.028,16.025,0.146,0.000,16.171,0,1,0
long-12s,368,0.026,0.881,0.291,0.000,1.172,0,2,0
long-12s,369,0.184,1.779,0.215,0.000,1.994,0,1,0
long-12s,370,0.027,1.324,0.280,0.000,1.604,0,1,0
long-12s,371,0.035,1.409,0.276,0.000,1.684,0,1,0
long-12s,372,0.029,0.763,0.160,0.000,0.923,0,1,0
long-12s,373,0.022,0.833,0.238,0.000,1.070,0,1,0
long-12s,374,0.027,1.217,0.146,0.000,1.363,0,1,0
long-12s,375,0.037,1.510,0.309,0.000,1.820,0,2,0
long-12s,376,0.032,0.807,0.263,0.000,1.071,0,2,0
long-12s,377,0.023,0.915,0.226,0.000,1.141,0,2,0
long-12s,378,0.026,1.015,0.231,0.000,1.246,0,1,0
long-12s,379,0.023,0.865,0.205,0.000,1.071,0,1,0
long-12s,380,0.036,1.460,0.303,0.000,1.764,0,2,0
long-12s,381,0.026,0.747,0.184,0.000,0.931,0,1,0
long-12s,382,0.022,1.017,0.221,0.000,1.238,0,1,0
long-12s,383,0.025,12.430,0.223,0.000,12.653,0,1,0
long-12s,384,0.027,17.478,0.213,0.000,17.691,0,1,0
long-12s,385,0.030,1.353,0.289,0.000,1.641,0,2,0
long-12s,386,1.908,14.983,0.225,0.000,15.208,0,1,0
long-12s,387,0.143,0.820,0.164,0.000,0.984,0,2,0
long-12s,388,0.031,1.083,0.203,0.000,1.286,0,1,0
long-12s,389,0.052,16.088,0.364,0.000,16.452,0,1,0
long-12s,390,0.100,16.918,0.306,0.000,17.224,0,1,0
long-12s,391,0.029,1.461,0.294,0.000,1.755,0,1,0
long-12s,392,0.040,1.222,0.351,0.000,1.573,0,1,0
long-12s,393,0.022,0.932,0.362,0.000,1.294,0,2,0
long-12s,394,0.024,0.883,0.188,0.000,1.070,0,2,0
long-12s,395,0.034,0.796,0.215,0.000,1.012,0,2,0
long-12s,396,0.028,0.911,0.361,0.000,1.272,0,2,0
long-12s,397,0.070,0.971,0.183,0.000,1.154,0,2,0
long-12s,398,0.038,0.977,0.185,0.000,1.162,0,2,0
long-12s,399,14.942,0.983,0.190,0.000,1.173,0,1,0
long-12s,400,0.014,16.992,0.263,0.000,17.255,0,1,0
long-12s,401,0.034,1.007,0.161,0.000,1.167,0,2,0
long-12s,402,0.061,1.104,0.235,0.000,1.338,0,2,0
long-12s,403,1.370,15.428,0.267,0.000,15.694,0,1,0
long-12s,404,0.029,16.827,0.168,0.000,16.995,0,1,0
long-12s,405,0.027,0.920,0.262,0.000,1.182,0,2,0
long-12s,406,0.025,1.179,0.204,0.000,1.383,0,2,0
long-12s,407,0.026,0.875,0.219,0.000,1.094,0,1,0
long-12s,408,1.411,15.489,0.252,0.000,15.740,0,1,0
long-12s,409,0.054,0.985,0.195,0.000,1.179,0,1,0
long-12s,410,0.049,0.869,0.164,0.000,1.033,0,2,0
long-12s,411,0.034,1.507,0.289,0.000,1.795,0,2,0
long-12s,412,0.120,1.540,0.235,0.000,1.775,0,2,0
long-12s,413,0.030,1.175,0.200,0.000,1.374,0,1,0
long-12s,414,1.332,16.541,0.204,0.000,16.745,0,1,0
long-12s,415,0.061,1.160,0.193,0.000,1.353,0,2,0
long-12s,416,0.027,1.183,0.198,0.000,1.381,0,1,0
long-12s,417,0.021,16.197,0.234,0.000,16.431,0,1,0
long-12s,418,1.122,15.879,0.378,0.000,16.257,0,1,0
long-12s,419,0.063,1.185,0.172,0.000,1.357,0,1,0
long-12s,420,1.675,16.534,0.179,0.000,16.712,0,1,0
long-12s,421,0.023,0.792,0.261,0.000,1.053,0,1,0
long-12s,422,0.025,1.008,0.225,0.000,1.233,0,2,0
long-12s,423,1.356,15.867,0.281,0.000,16.148,0,1,0
long-12s,424,0.026,16.734,0.191,0.000,16.925,0,1,0
long-12s,425,1.361,16.466,0.209,0.000,16.675,0,1,0
long-12s,426,2.048,1.115,0.209,0.000,1.324,0,2,0
long-12s,427,0.027,1.130,0.207,0.000,1.338,0,1,0
long-12s,428,0.033,1.046,0.172,0.000,1.218,0,1,0
long-12s,429,0.063,16.955,0.137,0.000,17.091,0,1,0
long-12s,430,0.024,1.090,0.188,0.000,1.278,0,2,0
long-12s,431,0.030,1.245,0.183,0.000,1.428,0,2,0
long-12s,432,1.596,15.129,0.211,0.000,15.340,0,1,0
long-12s,433,0.022,16.670,0.200,0.000,16.869,0,1,0
long-12s,434,0.026,1.253,0.221,0.000,1.473,0,2,0
long-12s,435,0.040,1.462,0.143,0.000,1.606,0,2,0
long-12s,436,0.041,0.984,0.319,0.000,1.303,0,1,0
long-12s,437,0.024,1.005,0.163,0.000,1.168,0,1,0
long-12s,438,0.019,0.940,0.254,0.000,1.194,0,2,0
long-12s,439,0.028,1.095,0.180,0.000,1.275,0,1,0
long-12s,440,0.027,1.011,0.226,0.000,1.237,0,1,0
long-12s,441,0.029,1.257,0.206,0.000,1.463,0,2,0
long-12s,442,0.023,0.932,0.200,0.000,1.132,0,2,0
long-12s,443,0.022,16.025,0.180,0.000,16.205,0,1,0
long-12s,444,0.028,1.040,0.204,0.000,1.244,0,1,0
long-12s,445,0.022,0.898,0.163,0.000,1.062,0,3,0
long-12s,446,0.021,1.233,0.155,0.000,1.388,0,2,0
long-12s,447,0.031,1.404,0.260,0.000,1.664,0,2,0
long-12s,448,2.071,16.778,0.268,0.000,17.047,0,1,0
long-12s,449,0.029,15.074,0.170,0.000,15.244,0,1,0
long-12s,450,0.084,1.710,0.410,0.000,2.120,0,2,0
long-12s,451,0.022,0.893,0.276,0.000,1.168,0,2,0
long-12s,452,0.022,1.078,0.284,0.000,1.362,0,2,0
long-12s,453,0.033,1.915,0.349,0.000,2.264,0,2,0
long-12s,454,0.024,0.851,0.221,0.000,1.072,0,1,0
long-12s,455,0.018,0.776,0.163,0.000,0.939,0,1,0
long-12s,456,0.030,1.201,0.214,0.000,1.415,0,2,0
long-12s,457,0.037,1.453,0.306,0.000,1.759,0,2,0
long-12s,458,0.036,1.423,0.215,0.000,1.638,0,1,0
long-12s,459,0.031,13.324,0.281,0.000,13.605,0,1,0
long-12s,460,0.037,1.352,0.244,0.000,1.596,0,1,0
long-12s,461,0.046,1.476,0.300,0.000,1.776,0,1,0
long-12s,462,0.049,1.511,0.318,0.000,1.830,0,2,0
long-12s,463,0.110,1.922,0.190,0.000,2.111,0,2,0
long-12s,464,0.037,1.313,0.277,0.000,1.590,0,1,0
long-12s,465,0.031,16.697,0.240,0.000,16.936,0,1,0
long-12s,466,0.035,1.450,0.271,0.000,1.721,0,2,0
long-12s,467,0.034,1.480,0.344,0.000,1.824,0,2,0
long-12s,468,0.037,1.522,0.197,0.000,1.719,0,2,0
long-12s,469,0.042,1.260,0.350,0.000,1.610,0,1,0
long-12s,470,0.028,17.272,0.244,0.000,17.517,0,1,0
long-12s,471,1.452,15.864,0.194,0.000,16.057,0,1,0
long-12s,472,0.026,16.690,0.320,0.000,17.010,0,1,0
long-12s,473,0.057,1.598,0.325,0.000,1.923,0,2,0
long-12s,474,0.507,1.341,0.260,0.000,1.602,0,1,0
long-12s,475,0.106,1.554,0.422,0.000,1.976,0,1,0
long-12s,476,0.070,1.459,0.321,0.000,1.780,0,1,0
long-12s,477,0.793,3.377,0.187,0.000,3.564,0,1,0
