drag,tool,start_s,duration_ms,samples,length_px,speed_avg_px_s,speed_max_px_s,strokes_touched,intervals_added,strokes_removed,compute_sum_ms,compute_avg_ms,compute_max_ms,frames,patch_sum_ms,patch_max_ms,frame_sum_ms,doc_strokes,doc_intervals,undo_depth
1,像素橡皮,67.05,1886.5,78,261,139,2000000,24,2,0,6.10,0.08,2.50,112,9.1,0.8,151.5,21,2,22
2,像素橡皮,69.39,4067.9,115,354,87,4590,1,0,0,1.87,0.02,1.57,241,0.5,0.5,305.4,20,2,23
3,像素橡皮,74.04,2275.0,92,440,193,19825,0,0,0,0.20,0.00,0.01,135,0.0,0.0,169.8,20,2,23
4,像素橡皮,77.26,562.9,11,37,66,3194,0,0,0,0.02,0.00,0.00,31,0.0,0.0,42.4,20,2,23
5,像素橡皮,78.35,203.5,1,0,0,0,0,0,0,0.00,0.00,0.00,8,0.0,0.0,9.3,20,2,23
6,像素橡皮,78.85,1600.6,51,962,601,3000000,1,0,1,0.17,0.00,0.06,86,0.2,0.2,105.3,19,2,24
7,像素橡皮,80.96,3924.9,175,1393,355,15000000,195,5,0,3.85,0.02,0.08,236,67.2,1.2,351.6,19,7,25
8,像素橡皮,85.25,1650.2,75,478,290,2000000,0,0,0,0.18,0.00,0.01,94,0.0,0.0,123.3,19,7,25
9,像素橡皮,87.13,700.2,15,166,238,12595,0,0,0,0.03,0.00,0.00,34,0.0,0.0,43.6,19,7,25
10,像素橡皮,88.10,1419.8,68,389,274,13829,62,0,0,1.11,0.02,0.04,84,21.1,1.1,128.3,19,8,26
11,像素橡皮,89.85,933.8,25,127,136,8993,2,0,0,0.19,0.01,0.02,47,0.4,0.4,59.6,19,8,27
12,像素橡皮,90.99,780.0,49,759,973,33000000,31,0,4,0.40,0.01,0.04,47,6.3,1.7,64.5,15,6,28
13,像素橡皮,102.10,850.4,23,68,80,4478,16,0,0,0.37,0.02,0.04,48,6.9,0.7,66.0,18,7,32
14,像素橡皮,103.93,469.4,6,13,27,331,4,0,0,0.16,0.03,0.04,25,2.4,0.9,35.7,18,8,33
15,像素橡皮,104.93,1483.0,63,215,145,4136,50,0,0,1.25,0.02,0.06,86,16.2,0.7,123.3,18,8,34
16,像素橡皮,145.78,1553.1,67,460,296,1000000,47,0,1,1.41,0.02,0.11,89,19.0,0.8,133.6,19,6,29
